web_url,local_file_path
https://www.dtu.ac.in/Web/notice/2025/june/file0640.pdf,downloaded_pdfs_meta/doc_395.pdf
https://www.dtu.ac.in/Web/Jobs/2025/feb/file0203.pdf,downloaded_pdfs_meta/doc_752.pdf
https://www.dtu.ac.in/Web/notice/2025/june/file0673.pdf,downloaded_pdfs_meta/doc_396.pdf
https://www.dtu.ac.in/Web/Jobs/2025/feb/file0204.pdf,downloaded_pdfs_meta/doc_753.pdf
https://www.dtu.ac.in/Web/notice/2025/june/file0639.pdf,downloaded_pdfs_meta/doc_397.pdf
https://www.dtu.ac.in/Web/Jobs/2025/feb/file0205.pdf,downloaded_pdfs_meta/doc_754.pdf
https://www.dtu.ac.in/Web/notice/2025/june/file0638.pdf,downloaded_pdfs_meta/doc_398.pdf
https://www.dtu.ac.in/Web/Jobs/2025/feb/file0206.pdf,downloaded_pdfs_meta/doc_755.pdf
https://www.dtu.ac.in/Web/notice/2025/june/file0637.pdf,downloaded_pdfs_meta/doc_399.pdf
https://www.dtu.ac.in/Web/Jobs/2025/feb/file0207.pdf,downloaded_pdfs_meta/doc_756.pdf
https://www.dtu.ac.in/Web/notice/2025/june/file0630.pdf,downloaded_pdfs_meta/doc_400.pdf
https://www.dtu.ac.in/Web/Jobs/2025/feb/file0208.pdf,downloaded_pdfs_meta/doc_757.pdf
https://www.dtu.ac.in/Web/notice/2025/june/file0629.pdf,downloaded_pdfs_meta/doc_401.pdf
https://www.dtu.ac.in/Web/Jobs/2025/feb/file0202.pdf,downloaded_pdfs_meta/doc_758.pdf
https://www.dtu.ac.in/Web/notice/2025/june/file0628.pdf,downloaded_pdfs_meta/doc_402.pdf
https://www.dtu.ac.in/Web/Jobs/2025/feb/file0201.pdf,downloaded_pdfs_meta/doc_759.pdf
https://www.dtu.ac.in/Web/notice/2025/june/file0627.pdf,downloaded_pdfs_meta/doc_403.pdf
https://www.dtu.ac.in/Web/Jobs/2025/jan/file0105.pdf,downloaded_pdfs_meta/doc_760.pdf
https://www.dtu.ac.in/Web/notice/2025/june/file0626.pdf,downloaded_pdfs_meta/doc_404.pdf
https://www.dtu.ac.in/Web/Jobs/2025/jan/file0104.pdf,downloaded_pdfs_meta/doc_761.pdf
https://www.dtu.ac.in/Web/notice/2025/june/file0625.pdf,downloaded_pdfs_meta/doc_405.pdf
https://www.dtu.ac.in/Web/Jobs/2025/jan/file0103.pdf,downloaded_pdfs_meta/doc_762.pdf
https://www.dtu.ac.in/Web/notice/2025/june/file0619.pdf,downloaded_pdfs_meta/doc_406.pdf
https://www.dtu.ac.in/Web/Jobs/2025/jan/file0101.pdf,downloaded_pdfs_meta/doc_763.pdf
https://www.dtu.ac.in/Web/notice/2025/june/file0618.pdf,downloaded_pdfs_meta/doc_407.pdf
https://www.dtu.ac.in/Web/Jobs/2025/jan/file0102.pdf,downloaded_pdfs_meta/doc_764.pdf
https://www.dtu.ac.in/Web/notice/2025/june/file0617.pdf,downloaded_pdfs_meta/doc_408.pdf
https://www.dtu.ac.in/Web/Jobs/2024/dec/file1221.pdf,downloaded_pdfs_meta/doc_765.pdf
https://www.dtu.ac.in/Web/notice/2025/june/file0616.pdf,downloaded_pdfs_meta/doc_409.pdf
https://www.dtu.ac.in/Web/Jobs/2024/dec/file1222.pdf,downloaded_pdfs_meta/doc_766.pdf
https://www.dtu.ac.in/Web/notice/2025/june/file0615.pdf,downloaded_pdfs_meta/doc_410.pdf
https://www.dtu.ac.in/Web/Jobs/2024/dec/file1224.pdf,downloaded_pdfs_meta/doc_767.pdf
https://www.dtu.ac.in/Web/notice/2025/june/file0607.pdf,downloaded_pdfs_meta/doc_411.pdf
https://www.dtu.ac.in/Web/Jobs/2024/dec/file1223.pdf,downloaded_pdfs_meta/doc_768.pdf
https://www.dtu.ac.in/Web/notice/2025/june/file0606.pdf,downloaded_pdfs_meta/doc_412.pdf
https://www.dtu.ac.in/Web/Jobs/2024/dec/file1219.pdf,downloaded_pdfs_meta/doc_769.pdf
https://www.dtu.ac.in/Web/notice/2025/june/file0605.pdf,downloaded_pdfs_meta/doc_413.pdf
https://www.dtu.ac.in/Web/Jobs/2024/dec/file1220.pdf,downloaded_pdfs_meta/doc_770.pdf
https://www.dtu.ac.in/Web/notice/2025/june/file0603.pdf,downloaded_pdfs_meta/doc_414.pdf
https://www.dtu.ac.in/Web/Jobs/2024/dec/file1218.pdf,downloaded_pdfs_meta/doc_771.pdf
https://www.dtu.ac.in/Web/notice/2025/june/file0602.pdf,downloaded_pdfs_meta/doc_415.pdf
https://www.dtu.ac.in/Web/Jobs/2024/dec/file1217.pdf,downloaded_pdfs_meta/doc_772.pdf
https://www.dtu.ac.in/Web/notice/2025/may/file0551.pdf,downloaded_pdfs_meta/doc_416.pdf
https://www.dtu.ac.in/Web/Jobs/2024/dec/file1216.pdf,downloaded_pdfs_meta/doc_773.pdf
https://www.dtu.ac.in/Web/notice/2025/may/file0550.pdf,downloaded_pdfs_meta/doc_417.pdf
https://www.dtu.ac.in/Web/Jobs/2024/dec/file1212.pdf,downloaded_pdfs_meta/doc_774.pdf
https://www.dtu.ac.in/Web/notice/2025/may/file0548.pdf,downloaded_pdfs_meta/doc_418.pdf
https://www.dtu.ac.in/Web/Jobs/2024/dec/file1213.pdf,downloaded_pdfs_meta/doc_775.pdf
https://www.dtu.ac.in/Web/notice/2025/may/file0547.pdf,downloaded_pdfs_meta/doc_419.pdf
https://www.dtu.ac.in/Web/Jobs/2024/dec/file1214.pdf,downloaded_pdfs_meta/doc_776.pdf
https://www.dtu.ac.in/Web/notice/2025/may/file0545.pdf,downloaded_pdfs_meta/doc_420.pdf
https://www.dtu.ac.in/Web/Jobs/2024/dec/file1215.pdf,downloaded_pdfs_meta/doc_777.pdf
https://www.dtu.ac.in/Web/notice/2025/may/file0538.pdf,downloaded_pdfs_meta/doc_421.pdf
https://www.dtu.ac.in/Web/Jobs/2024/dec/file1207.pdf,downloaded_pdfs_meta/doc_778.pdf
https://www.dtu.ac.in/Web/notice/2025/may/file0533.pdf,downloaded_pdfs_meta/doc_422.pdf
https://www.dtu.ac.in/Web/notice/2024/dec/file1217.pdf,downloaded_pdfs_meta/doc_779.pdf
https://www.dtu.ac.in/Web/notice/2025/may/file0527.pdf,downloaded_pdfs_meta/doc_423.pdf
https://www.dtu.ac.in/Web/Jobs/2024/dec/file1208.pdf,downloaded_pdfs_meta/doc_780.pdf
https://www.dtu.ac.in/Web/notice/2025/may/file0517a.pdf,downloaded_pdfs_meta/doc_424.pdf
https://www.dtu.ac.in/Web/Jobs/2024/dec/file1205.pdf,downloaded_pdfs_meta/doc_781.pdf
https://www.dtu.ac.in/Web/notice/2025/may/file0517.pdf,downloaded_pdfs_meta/doc_425.pdf
https://www.dtu.ac.in/Web/Jobs/2024/dec/file1206.pdf,downloaded_pdfs_meta/doc_782.pdf
https://www.dtu.ac.in/Web/notice/2025/may/file0509.pdf,downloaded_pdfs_meta/doc_426.pdf
https://www.dtu.ac.in/Web/Jobs/2024/dec/file1201.pdf,downloaded_pdfs_meta/doc_783.pdf
https://www.dtu.ac.in/Web/notice/2025/may/file0508.pdf,downloaded_pdfs_meta/doc_427.pdf
https://www.dtu.ac.in/Web/Jobs/2024/dec/file1202.pdf,downloaded_pdfs_meta/doc_784.pdf
https://www.dtu.ac.in/Web/notice/2025/apr/file0450.pdf,downloaded_pdfs_meta/doc_428.pdf
https://www.dtu.ac.in/Web/Jobs/2024/dec/file1203.pdf,downloaded_pdfs_meta/doc_785.pdf
https://www.dtu.ac.in/Web/notice/2025/apr/file0449.pdf,downloaded_pdfs_meta/doc_429.pdf
https://www.dtu.ac.in/Web/Jobs/2024/dec/file1204.pdf,downloaded_pdfs_meta/doc_786.pdf
https://www.dtu.ac.in/Web/notice/2025/apr/file0448.pdf,downloaded_pdfs_meta/doc_430.pdf
https://www.dtu.ac.in/Web/Jobs/2024/nov/file1110.pdf,downloaded_pdfs_meta/doc_787.pdf
https://www.dtu.ac.in/Web/notice/2025/apr/file0442.pdf,downloaded_pdfs_meta/doc_431.pdf
https://www.dtu.ac.in/Web/Jobs/2024/nov/file1109.pdf,downloaded_pdfs_meta/doc_788.pdf
https://www.dtu.ac.in/Web/notice/2025/apr/file0438.pdf,downloaded_pdfs_meta/doc_432.pdf
https://www.dtu.ac.in/Web/Jobs/2024/nov/file1108.pdf,downloaded_pdfs_meta/doc_789.pdf
https://www.dtu.ac.in/Web/notice/2025/apr/file0418.pdf,downloaded_pdfs_meta/doc_433.pdf
https://www.dtu.ac.in/Web/Jobs/2024/nov/file1104.pdf,downloaded_pdfs_meta/doc_790.pdf
https://www.dtu.ac.in/Web/notice/2025/apr/file0417.pdf,downloaded_pdfs_meta/doc_434.pdf
https://www.dtu.ac.in/Web/Jobs/2024/nov/file1105.pdf,downloaded_pdfs_meta/doc_791.pdf
https://www.dtu.ac.in/Web/notice/2025/apr/file0415.pdf,downloaded_pdfs_meta/doc_435.pdf
https://www.dtu.ac.in/Web/Jobs/2024/nov/file1106.pdf,downloaded_pdfs_meta/doc_792.pdf
https://www.dtu.ac.in/Web/notice/2025/apr/file0413.pdf,downloaded_pdfs_meta/doc_436.pdf
https://www.dtu.ac.in/Web/Jobs/2024/nov/file1107.pdf,downloaded_pdfs_meta/doc_793.pdf
https://www.dtu.ac.in/Web/notice/2025/apr/file0328.pdf,downloaded_pdfs_meta/doc_437.pdf
https://www.dtu.ac.in/Web/Jobs/2024/nov/file1103.pdf,downloaded_pdfs_meta/doc_794.pdf
https://www.dtu.ac.in/Web/notice/2025/mar/file0320.pdf,downloaded_pdfs_meta/doc_438.pdf
https://www.dtu.ac.in/Web/Jobs/2024/nov/file1101.pdf,downloaded_pdfs_meta/doc_795.pdf
https://www.dtu.ac.in/Web/notice/2025/mar/file0319.pdf,downloaded_pdfs_meta/doc_439.pdf
https://www.dtu.ac.in/Web/Jobs/2024/nov/file1102.pdf,downloaded_pdfs_meta/doc_796.pdf
https://www.dtu.ac.in/Web/notice/2025/mar/file0318.pdf,downloaded_pdfs_meta/doc_440.pdf
https://www.dtu.ac.in/Web/Jobs/2024/oct/file1008.pdf,downloaded_pdfs_meta/doc_797.pdf
https://www.dtu.ac.in/Web/notice/2025/mar/file0312.pdf,downloaded_pdfs_meta/doc_441.pdf
https://www.dtu.ac.in/Web/Jobs/2024/oct/file1007.pdf,downloaded_pdfs_meta/doc_798.pdf
https://www.dtu.ac.in/Web/notice/2025/mar/file0311.pdf,downloaded_pdfs_meta/doc_442.pdf
https://www.dtu.ac.in/Web/Jobs/2024/oct/file1006.pdf,downloaded_pdfs_meta/doc_799.pdf
https://www.dtu.ac.in/Web/notice/2025/mar/file0308.pdf,downloaded_pdfs_meta/doc_443.pdf
https://www.dtu.ac.in/Web/Jobs/2024/oct/file1005.pdf,downloaded_pdfs_meta/doc_800.pdf
https://www.dtu.ac.in/Web/notice/2025/mar/file0307.pdf,downloaded_pdfs_meta/doc_444.pdf
https://www.dtu.ac.in/Web/Jobs/2024/oct/file1001.pdf,downloaded_pdfs_meta/doc_801.pdf
https://www.dtu.ac.in/Web/notice/2025/mar/file0306.pdf,downloaded_pdfs_meta/doc_445.pdf
https://www.dtu.ac.in/Web/Jobs/2024/oct/file1002.pdf,downloaded_pdfs_meta/doc_802.pdf
https://www.dtu.ac.in/Web/Admission/brochure/2025/bdes_1stList.pdf,downloaded_pdfs_meta/doc_37.pdf
https://www.dtu.ac.in/Web/notice/2025/mar/file0305.pdf,downloaded_pdfs_meta/doc_446.pdf
https://www.dtu.ac.in/Web/Jobs/2024/oct/file1003.pdf,downloaded_pdfs_meta/doc_803.pdf
https://www.dtu.ac.in/Web/Admission/brochure/2025/Corri_fee_b_des.pdf,downloaded_pdfs_meta/doc_38.pdf
https://www.dtu.ac.in/Web/notice/2025/mar/file0304.pdf,downloaded_pdfs_meta/doc_447.pdf
https://www.dtu.ac.in/Web/Jobs/2024/oct/file1004.pdf,downloaded_pdfs_meta/doc_804.pdf
https://www.dtu.ac.in/Web/Admission/brochure/2025/mdes_AdmissionGuidelines2025.pdf,downloaded_pdfs_meta/doc_39.pdf
https://www.dtu.ac.in/Web/notice/2025/mar/file0303.pdf,downloaded_pdfs_meta/doc_448.pdf
https://www.dtu.ac.in/Web/Jobs/2024/sep/file0910.pdf,downloaded_pdfs_meta/doc_805.pdf
https://www.dtu.ac.in/Web/Admission/brochure/2025/brochure_mdes.pdf,downloaded_pdfs_meta/doc_40.pdf
https://www.dtu.ac.in/Web/notice/2025/mar/file0301.pdf,downloaded_pdfs_meta/doc_449.pdf
https://www.dtu.ac.in/Web/Admission/brochure/2025/mdes_3ndList.pdf,downloaded_pdfs_meta/doc_41.pdf
https://www.dtu.ac.in/Web/notice/2025/feb/file0241.pdf,downloaded_pdfs_meta/doc_450.pdf
https://www.dtu.ac.in/Web/Jobs/2024/sep/file0908.pdf,downloaded_pdfs_meta/doc_807.pdf
https://www.dtu.ac.in/Web/Admission/brochure/2025/mdes_1stList.pdf,downloaded_pdfs_meta/doc_43.pdf
https://www.dtu.ac.in/Web/notice/2025/feb/file0235.pdf,downloaded_pdfs_meta/doc_451.pdf
https://www.dtu.ac.in/Web/Jobs/2024/sep/file0907.pdf,downloaded_pdfs_meta/doc_808.pdf
https://www.dtu.ac.in/Web/Admission/brochure/2025/Corrigendum_MDES_25.pdf,downloaded_pdfs_meta/doc_44.pdf
https://www.dtu.ac.in/Web/notice/2025/feb/file0232.pdf,downloaded_pdfs_meta/doc_452.pdf
https://www.dtu.ac.in/Web/Jobs/2024/sep/file0906.pdf,downloaded_pdfs_meta/doc_809.pdf
https://www.dtu.ac.in/Web/Admission/brochure/2025/Corri_fee_m_des.pdf,downloaded_pdfs_meta/doc_45.pdf
https://www.dtu.ac.in/Web/notice/2025/feb/file0224.pdf,downloaded_pdfs_meta/doc_453.pdf
https://www.dtu.ac.in/Web/Jobs/2024/sep/file0904.pdf,downloaded_pdfs_meta/doc_810.pdf
https://www.dtu.ac.in/Web/notice/2025/june/file0632.pdf,downloaded_pdfs_meta/doc_46.pdf
https://www.dtu.ac.in/Web/notice/2025/feb/file0221.pdf,downloaded_pdfs_meta/doc_454.pdf
https://www.dtu.ac.in/Web/Jobs/2024/sep/file0903.pdf,downloaded_pdfs_meta/doc_811.pdf
https://www.dtu.ac.in/Web/Admission/brochure/2025/m.tech_Admission_Brochure.pdf,downloaded_pdfs_meta/doc_47.pdf
https://www.dtu.ac.in/Web/notice/2025/feb/file0220.pdf,downloaded_pdfs_meta/doc_455.pdf
https://www.dtu.ac.in/Web/Jobs/2024/sep/file0902.pdf,downloaded_pdfs_meta/doc_812.pdf
https://www.dtu.ac.in/Web/notice/2025/june/file0623.pdf,downloaded_pdfs_meta/doc_48.pdf
https://www.dtu.ac.in/Web/notice/2025/feb/file0219.pdf,downloaded_pdfs_meta/doc_456.pdf
https://www.dtu.ac.in/Web/Jobs/2024/sep/file0901.pdf,downloaded_pdfs_meta/doc_813.pdf
https://www.dtu.ac.in/Web/notice/2025/june/file0624.pdf,downloaded_pdfs_meta/doc_49.pdf
https://www.dtu.ac.in/Web/notice/2025/feb/file0218.pdf,downloaded_pdfs_meta/doc_457.pdf
https://www.dtu.ac.in/Web/Jobs/2024/aug/file0812.pdf,downloaded_pdfs_meta/doc_814.pdf
https://dtu.ac.in/Web/About/StrategicPlan.pdf,downloaded_pdfs_meta/doc_1.pdf
https://www.dtu.ac.in/Web/notice/2025/june/file0623.pdf,downloaded_pdfs_meta/doc_50.pdf
https://www.dtu.ac.in/Web/notice/2025/feb/file0214.pdf,downloaded_pdfs_meta/doc_458.pdf
https://www.dtu.ac.in/Web/Jobs/2024/aug/file0807.pdf,downloaded_pdfs_meta/doc_815.pdf
https://www.dtu.ac.in/Web/notice/2025/june/file0622.pdf,downloaded_pdfs_meta/doc_51.pdf
https://www.dtu.ac.in/Web/notice/2025/feb/file0213.pdf,downloaded_pdfs_meta/doc_459.pdf
https://www.dtu.ac.in/Web/Jobs/2024/aug/file0805.pdf,downloaded_pdfs_meta/doc_816.pdf
https://www.dtu.ac.in/Web/notice/2025/june/file0621.pdf,downloaded_pdfs_meta/doc_52.pdf
https://www.dtu.ac.in/Web/notice/2025/feb/file0212.pdf,downloaded_pdfs_meta/doc_460.pdf
https://www.dtu.ac.in/Web/Jobs/2024/aug/file0803.pdf,downloaded_pdfs_meta/doc_817.pdf
https://dtu.ac.in/Web/AICTE/iprpolicy_2017.pdf,downloaded_pdfs_meta/doc_2.pdf
https://www.dtu.ac.in/Web/notice/2025/june/file0620.pdf,downloaded_pdfs_meta/doc_53.pdf
https://www.dtu.ac.in/Web/notice/2025/feb/file0211.pdf,downloaded_pdfs_meta/doc_461.pdf
https://www.dtu.ac.in/Web/Jobs/2024/aug/file0802.pdf,downloaded_pdfs_meta/doc_818.pdf
https://dtu.ac.in/Web/Programs_dtu.pdf,downloaded_pdfs_meta/doc_3.pdf
https://www.dtu.ac.in/Web/notice/2025/may/file0509.pdf,downloaded_pdfs_meta/doc_54.pdf
https://www.dtu.ac.in/Web/notice/2025/feb/file0205.pdf,downloaded_pdfs_meta/doc_462.pdf
https://www.dtu.ac.in/Web/Jobs/2024/mar/file0301.pdf,downloaded_pdfs_meta/doc_819.pdf
https://dtu.ac.in/Web/Syllabus_links.pdf,downloaded_pdfs_meta/doc_4.pdf
https://www.dtu.ac.in/Web/Admission/brochure/2025/bmba_AdmissionGuidelines2025.pdf,downloaded_pdfs_meta/doc_55.pdf
https://www.dtu.ac.in/Web/notice/2025/feb/file0203.pdf,downloaded_pdfs_meta/doc_463.pdf
https://www.dtu.ac.in/Web/Jobs/2024/feb/file0202.pdf,downloaded_pdfs_meta/doc_820.pdf
https://www.dtu.ac.in/Web/SILR/SILR.pdf,downloaded_pdfs_meta/doc_5.pdf
https://www.dtu.ac.in/Web/Admission/brochure/2025/bmba_revisedGuidelines.pdf,downloaded_pdfs_meta/doc_56.pdf
https://www.dtu.ac.in/Web/notice/2025/jan/file0151.pdf,downloaded_pdfs_meta/doc_464.pdf
https://www.dtu.ac.in/Web/Jobs/2024/feb/file0201.pdf,downloaded_pdfs_meta/doc_821.pdf
https://dtu.ac.in/Web/quick_links/RTI/2nd-ordinance.pdf,downloaded_pdfs_meta/doc_6.pdf
https://www.dtu.ac.in/Web/Admission/brochure/2025/emba_AdmissionGuidelines2025.pdf,downloaded_pdfs_meta/doc_57.pdf
https://www.dtu.ac.in/Web/notice/2025/jan/file0150.pdf,downloaded_pdfs_meta/doc_465.pdf
https://www.dtu.ac.in/Web/Jobs/2024/jan/file0106.pdf,downloaded_pdfs_meta/doc_822.pdf
https://dtu.ac.in/Platforms/academic_PG/phd/PhdOrdinancesRegulations2017.pdf,downloaded_pdfs_meta/doc_7.pdf
https://www.dtu.ac.in/Web/Admission/brochure/2025/emba_revisedGuidelines.pdf,downloaded_pdfs_meta/doc_58.pdf
https://www.dtu.ac.in/Web/notice/2025/jan/file0141.pdf,downloaded_pdfs_meta/doc_466.pdf
https://www.dtu.ac.in/Web/Jobs/2024/jan/file0104.PDF,downloaded_pdfs_meta/doc_823.PDF
https://dtu.ac.in/Web/quick_links/RTI/office_pro.pdf,downloaded_pdfs_meta/doc_8.pdf
https://www.dtu.ac.in/Web/Admission/brochure/2025/brochure_mbadsa.pdf,downloaded_pdfs_meta/doc_59.pdf
https://www.dtu.ac.in/Web/notice/2025/jan/file0132.pdf,downloaded_pdfs_meta/doc_467.pdf
https://www.dtu.ac.in/Web/Jobs/2024/jan/file0105.pdf,downloaded_pdfs_meta/doc_824.pdf
https://dtu.ac.in/Web/Community/ncc.pdf,downloaded_pdfs_meta/doc_9.pdf
https://www.dtu.ac.in/Web/Admission/brochure/2025/brochure_maeco.pdf,downloaded_pdfs_meta/doc_60.pdf
https://www.dtu.ac.in/Web/notice/2025/jan/file0130.pdf,downloaded_pdfs_meta/doc_468.pdf
https://www.dtu.ac.in/Web/notice/2024/jan/file0142.pdf,downloaded_pdfs_meta/doc_825.pdf
https://www.dtu.ac.in/Web/notice/2025/june/file0681.pdf,downloaded_pdfs_meta/doc_10.pdf
https://www.dtu.ac.in/Web/Admission/brochure/2025/phds2025.pdf,downloaded_pdfs_meta/doc_61.pdf
https://www.dtu.ac.in/Web/notice/2025/jan/file0126.pdf,downloaded_pdfs_meta/doc_469.pdf
https://www.dtu.ac.in/Web/Jobs/2024/jan/file0103.pdf,downloaded_pdfs_meta/doc_826.pdf
https://www.dtu.ac.in/Web/notice/2025/june/file0625.pdf,downloaded_pdfs_meta/doc_11.pdf
https://www.dtu.ac.in/Web/Admission/brochure/2025/Flyer-1.pdf,downloaded_pdfs_meta/doc_62.pdf
https://www.dtu.ac.in/Web/notice/2025/jan/file0125.pdf,downloaded_pdfs_meta/doc_470.pdf
https://www.dtu.ac.in/Web/Jobs/2024/jan/file0102.pdf,downloaded_pdfs_meta/doc_827.pdf
https://www.dtu.ac.in/Web/notice/2024/dec/file1257.pdf,downloaded_pdfs_meta/doc_12.pdf
https://www.dtu.ac.in/Web/Admission/brochure/2025/btecheve_brochure.pdf,downloaded_pdfs_meta/doc_63.pdf
https://www.dtu.ac.in/Web/notice/2025/jan/file0124.pdf,downloaded_pdfs_meta/doc_471.pdf
https://www.dtu.ac.in/Web/Jobs/2024/jan/file0101.pdf,downloaded_pdfs_meta/doc_828.pdf
https://www.dtu.ac.in/Web/notice/2024/dec/file1256.pdf,downloaded_pdfs_meta/doc_13.pdf
https://www.dtu.ac.in/Web/Admission/brochure/2025/m.sc_Admission_Brochure.pdf,downloaded_pdfs_meta/doc_64.pdf
https://www.dtu.ac.in/Web/notice/2025/jan/file0123.pdf,downloaded_pdfs_meta/doc_472.pdf
https://www.dtu.ac.in/Web/notice/2024/dec/file1237.pdf,downloaded_pdfs_meta/doc_14.pdf
https://www.dtu.ac.in/Web/notice/2025/may/file0543.pdf,downloaded_pdfs_meta/doc_65.pdf
https://www.dtu.ac.in/Web/notice/2025/jan/file0121.pdf,downloaded_pdfs_meta/doc_473.pdf
https://www.dtu.ac.in/Web/Admission/brochure/2025/brochure_btechle.pdf,downloaded_pdfs_meta/doc_15.pdf
https://www.dtu.ac.in/Web/notice/2025/may/file0542.pdf,downloaded_pdfs_meta/doc_66.pdf
https://www.dtu.ac.in/Web/notice/2025/jan/file0120.pdf,downloaded_pdfs_meta/doc_474.pdf
https://dtu.ac.in/Web/Admission/corrigendum/btech_lateral_corrigendum.pdf,downloaded_pdfs_meta/doc_16.pdf
https://www.dtu.ac.in/Web/notice/2025/june/file0681.pdf,downloaded_pdfs_meta/doc_67.pdf
https://www.dtu.ac.in/Web/notice/2025/jan/file0115.pdf,downloaded_pdfs_meta/doc_475.pdf
https://dtu.ac.in/Web/Admission/brochure/2025/btech_lateral_corrigendum1.pdf,downloaded_pdfs_meta/doc_17.pdf
https://www.dtu.ac.in/Web/notice/2025/june/file0680.pdf,downloaded_pdfs_meta/doc_68.pdf
https://www.dtu.ac.in/Web/notice/2025/jan/file0113.pdf,downloaded_pdfs_meta/doc_476.pdf
https://dtu.ac.in/Web/Admission/brochure/2025/btechle_shortlisted.pdf,downloaded_pdfs_meta/doc_18.pdf
https://www.dtu.ac.in/Web/notice/2025/june/file0678.pdf,downloaded_pdfs_meta/doc_69.pdf
https://www.dtu.ac.in/Web/notice/2025/jan/file0114.pdf,downloaded_pdfs_meta/doc_477.pdf
https://dtu.ac.in/Web/Admission/brochure/2025/btechle_schedule.pdf,downloaded_pdfs_meta/doc_19.pdf
https://www.dtu.ac.in/Web/notice/2025/june/file0677.pdf,downloaded_pdfs_meta/doc_70.pdf
https://www.dtu.ac.in/Web/notice/2025/jan/file0112.pdf,downloaded_pdfs_meta/doc_478.pdf
https://dtu.ac.in/Web/Admission/brochure/2025/btechle_inst.pdf,downloaded_pdfs_meta/doc_20.pdf
https://www.dtu.ac.in/Web/notice/2025/june/file0674.pdf,downloaded_pdfs_meta/doc_71.pdf
https://www.dtu.ac.in/Web/notice/2025/jan/file0111.pdf,downloaded_pdfs_meta/doc_479.pdf
https://dtu.ac.in/Web/Admission/brochure/2025/btechle_schedule_corr.pdf,downloaded_pdfs_meta/doc_21.pdf
https://www.dtu.ac.in/Web/notice/2025/june/file0675.pdf,downloaded_pdfs_meta/doc_72.pdf
https://www.dtu.ac.in/Web/notice/2025/jan/file0106.pdf,downloaded_pdfs_meta/doc_480.pdf
https://dtu.ac.in/Web/Admission/brochure/2025/btechle_inst_corr.pdf,downloaded_pdfs_meta/doc_22.pdf
https://www.dtu.ac.in/Web/notice/2025/june/file0676.pdf,downloaded_pdfs_meta/doc_73.pdf
https://www.dtu.ac.in/Web/notice/2025/jan/file0105.pdf,downloaded_pdfs_meta/doc_481.pdf
https://dtu.ac.in/Web/Admission/brochure/2025/result_le25.pdf,downloaded_pdfs_meta/doc_23.pdf
https://www.dtu.ac.in/Web/notice/2025/june/file0671.pdf,downloaded_pdfs_meta/doc_74.pdf
https://www.dtu.ac.in/Web/notice/2025/jan/file0104.pdf,downloaded_pdfs_meta/doc_482.pdf
https://www.dtu.ac.in/Web/notice/2025/june/file0679.pdf,downloaded_pdfs_meta/doc_24.pdf
https://www.dtu.ac.in/Web/notice/2025/june/file0656.pdf,downloaded_pdfs_meta/doc_75.pdf
https://www.dtu.ac.in/Web/notice/2025/jan/file0103.pdf,downloaded_pdfs_meta/doc_483.pdf
https://www.dtu.ac.in/Web/notice/2025/june/file0669.pdf,downloaded_pdfs_meta/doc_76.pdf
https://www.dtu.ac.in/Web/notice/2025/june/file0670.pdf,downloaded_pdfs_meta/doc_25.pdf
https://www.dtu.ac.in/Web/notice/2025/jan/file0102.pdf,downloaded_pdfs_meta/doc_484.pdf
https://www.dtu.ac.in/Web/notice/2025/june/file0638.pdf,downloaded_pdfs_meta/doc_26.pdf
https://www.dtu.ac.in/Web/notice/2025/june/file0653.pdf,downloaded_pdfs_meta/doc_77.pdf
https://www.dtu.ac.in/Web/notice/2025/jan/file0101.pdf,downloaded_pdfs_meta/doc_485.pdf
https://www.dtu.ac.in/Web/Admission/brochure/2025/mtechByResearch_AdmissionBrochure.pdf,downloaded_pdfs_meta/doc_27.pdf
https://www.dtu.ac.in/Web/notice/2025/june/file0654.pdf,downloaded_pdfs_meta/doc_78.pdf
https://www.dtu.ac.in/Web/notice/2024/dec/file1258.pdf,downloaded_pdfs_meta/doc_486.pdf
https://www.dtu.ac.in/Web/Admission/brochure/2025/mtechByResearch_AdmissionBrochureres1.pdf,downloaded_pdfs_meta/doc_28.pdf
https://www.dtu.ac.in/Web/notice/2025/june/file0667.pdf,downloaded_pdfs_meta/doc_79.pdf
https://dtu.ac.in/Web/establishment/estd/noti/SENIORITY_FACULTY.pdf,downloaded_pdfs_meta/doc_487.pdf
https://www.dtu.ac.in/Web/notice/2025/june/file0623.pdf,downloaded_pdfs_meta/doc_29.pdf
https://www.dtu.ac.in/Web/notice/2025/june/file0666.pdf,downloaded_pdfs_meta/doc_80.pdf
https://www.dtu.ac.in/Web/notice/2024/dec/file1257.pdf,downloaded_pdfs_meta/doc_488.pdf
https://www.dtu.ac.in/Web/notice/2025/june/file0624.pdf,downloaded_pdfs_meta/doc_30.pdf
https://www.dtu.ac.in/Web/notice/2025/june/file0665.pdf,downloaded_pdfs_meta/doc_81.pdf
https://www.dtu.ac.in/Web/notice/2024/dec/file1256.pdf,downloaded_pdfs_meta/doc_489.pdf
https://www.dtu.ac.in/Web/notice/2025/june/file0636.pdf,downloaded_pdfs_meta/doc_31.pdf
https://www.dtu.ac.in/Web/notice/2025/june/file0664.pdf,downloaded_pdfs_meta/doc_82.pdf
https://www.dtu.ac.in/Web/notice/2024/dec/file1238.pdf,downloaded_pdfs_meta/doc_490.pdf
https://www.dtu.ac.in/Web/Admission/brochure/2025/BA (H) Economics and MA (Economics) Brochure 2025-26_Final (1).pdf,downloaded_pdfs_meta/doc_32.pdf
https://www.dtu.ac.in/Web/notice/2025/june/file0663.pdf,downloaded_pdfs_meta/doc_83.pdf
https://www.dtu.ac.in/Web/notice/2024/dec/file1237.pdf,downloaded_pdfs_meta/doc_491.pdf
https://www.dtu.ac.in/Web/Admission/brochure/2025/bdes_AdmissionGuidelines2025.pdf,downloaded_pdfs_meta/doc_33.pdf
https://www.dtu.ac.in/Web/notice/2025/june/file0662.pdf,downloaded_pdfs_meta/doc_84.pdf
https://www.dtu.ac.in/Web/notice/2024/dec/file1236.pdf,downloaded_pdfs_meta/doc_492.pdf
https://www.dtu.ac.in/Web/Admission/brochure/2025/mdes_2ndList.pdf,downloaded_pdfs_meta/doc_42.pdf
https://www.dtu.ac.in/Web/notice/2025/june/file0661.pdf,downloaded_pdfs_meta/doc_85.pdf
https://www.dtu.ac.in/Web/notice/2024/dec/file1234.pdf,downloaded_pdfs_meta/doc_493.pdf
https://www.dtu.ac.in/Web/Admission/brochure/2025/brochure_bdes.pdf,downloaded_pdfs_meta/doc_34.pdf
https://www.dtu.ac.in/Web/notice/2025/june/file0660.pdf,downloaded_pdfs_meta/doc_86.pdf
https://www.dtu.ac.in/Web/notice/2024/dec/file1227.pdf,downloaded_pdfs_meta/doc_494.pdf
https://www.dtu.ac.in/Web/Admission/brochure/2025/3R_Bdes_25.pdf,downloaded_pdfs_meta/doc_35.pdf
https://www.dtu.ac.in/Web/notice/2025/june/file0659.pdf,downloaded_pdfs_meta/doc_87.pdf
https://www.dtu.ac.in/Web/notice/2024/dec/file1226.pdf,downloaded_pdfs_meta/doc_495.pdf
https://www.dtu.ac.in/Web/Admission/brochure/2025/2R_Bdes_25.pdf,downloaded_pdfs_meta/doc_36.pdf
https://www.dtu.ac.in/Web/notice/2025/june/file0658.pdf,downloaded_pdfs_meta/doc_88.pdf
https://www.dtu.ac.in/Web/notice/2024/dec/file1221.pdf,downloaded_pdfs_meta/doc_496.pdf
https://www.dtu.ac.in/Web/notice/2025/june/file0657.pdf,downloaded_pdfs_meta/doc_89.pdf
https://www.dtu.ac.in/Web/notice/2024/dec/file1215.pdf,downloaded_pdfs_meta/doc_497.pdf
https://www.dtu.ac.in/Web/notice/2025/june/file0652.pdf,downloaded_pdfs_meta/doc_90.pdf
https://www.dtu.ac.in/Web/notice/2024/dec/file1206.pdf,downloaded_pdfs_meta/doc_498.pdf
https://www.dtu.ac.in/Web/notice/2025/june/file0651.pdf,downloaded_pdfs_meta/doc_91.pdf
https://www.dtu.ac.in/Web/notice/2024/nov/file1166.pdf,downloaded_pdfs_meta/doc_499.pdf
https://www.dtu.ac.in/Web/notice/2025/june/file0648.pdf,downloaded_pdfs_meta/doc_92.pdf
https://www.dtu.ac.in/Web/notice/2024/nov/file1159.pdf,downloaded_pdfs_meta/doc_500.pdf
https://www.dtu.ac.in/Web/Jobs/2024/june/file0606.pdf,downloaded_pdfs_meta/doc_857.pdf
https://www.dtu.ac.in/Web/notice/2025/june/file0647.pdf,downloaded_pdfs_meta/doc_93.pdf
https://www.dtu.ac.in/Web/notice/2024/nov/file1137.pdf,downloaded_pdfs_meta/doc_501.pdf
https://www.dtu.ac.in/Web/Jobs/2024/june/file0605.pdf,downloaded_pdfs_meta/doc_858.pdf
https://www.dtu.ac.in/Web/notice/2025/june/file0646.pdf,downloaded_pdfs_meta/doc_94.pdf
https://www.dtu.ac.in/Web/notice/2024/nov/file1127.pdf,downloaded_pdfs_meta/doc_502.pdf
https://www.dtu.ac.in/Web/Jobs/2024/june/file0603.pdf,downloaded_pdfs_meta/doc_859.pdf
https://www.dtu.ac.in/Web/notice/2025/june/file0645.pdf,downloaded_pdfs_meta/doc_95.pdf
https://www.dtu.ac.in/Web/notice/2024/nov/file1106.pdf,downloaded_pdfs_meta/doc_503.pdf
https://www.dtu.ac.in/Web/Jobs/2024/june/file0604.pdf,downloaded_pdfs_meta/doc_860.pdf
https://www.dtu.ac.in/Web/notice/2025/june/file0644.pdf,downloaded_pdfs_meta/doc_96.pdf
https://www.dtu.ac.in/Web/notice/2024/nov/file1105.pdf,downloaded_pdfs_meta/doc_504.pdf
https://www.dtu.ac.in/Web/Jobs/2024/june/file0602.pdf,downloaded_pdfs_meta/doc_861.pdf
https://www.dtu.ac.in/Web/notice/2025/june/file0643.pdf,downloaded_pdfs_meta/doc_97.pdf
https://www.dtu.ac.in/Web/notice/2024/oct/file1044.pdf,downloaded_pdfs_meta/doc_505.pdf
https://www.dtu.ac.in/Web/Jobs/2024/june/file0601.pdf,downloaded_pdfs_meta/doc_862.pdf
https://www.dtu.ac.in/Web/notice/2025/june/file0642.pdf,downloaded_pdfs_meta/doc_98.pdf
https://www.dtu.ac.in/Web/notice/2024/oct/file1043.pdf,downloaded_pdfs_meta/doc_506.pdf
https://www.dtu.ac.in/Web/Jobs/2024/may/file0501.pdf,downloaded_pdfs_meta/doc_863.pdf
https://www.dtu.ac.in/Web/notice/2025/june/file0635.pdf,downloaded_pdfs_meta/doc_99.pdf
https://www.dtu.ac.in/Web/notice/2024/oct/file1041.pdf,downloaded_pdfs_meta/doc_507.pdf
https://www.dtu.ac.in/Web/Jobs/2024/may/file0502.pdf,downloaded_pdfs_meta/doc_864.pdf
https://www.dtu.ac.in/Web/notice/2025/june/file0634.pdf,downloaded_pdfs_meta/doc_100.pdf
https://www.dtu.ac.in/Web/notice/2024/oct/file1040.pdf,downloaded_pdfs_meta/doc_508.pdf
https://www.dtu.ac.in/Web/Jobs/2024/apr/file0405.pdf,downloaded_pdfs_meta/doc_865.pdf
https://www.dtu.ac.in/Web/notice/2025/june/file0633.pdf,downloaded_pdfs_meta/doc_101.pdf
https://www.dtu.ac.in/Web/notice/2024/oct/file1038.pdf,downloaded_pdfs_meta/doc_509.pdf
https://www.dtu.ac.in/Web/notice/2024/apr/file0450.pdf,downloaded_pdfs_meta/doc_866.pdf
https://www.dtu.ac.in/Web/notice/2025/june/file0631.pdf,downloaded_pdfs_meta/doc_102.pdf
https://www.dtu.ac.in/Web/notice/2024/oct/file1036.pdf,downloaded_pdfs_meta/doc_510.pdf
https://www.dtu.ac.in/Web/Jobs/2024/apr/file0403.pdf,downloaded_pdfs_meta/doc_867.pdf
https://www.dtu.ac.in/Web/notice/2025/june/file0613.pdf,downloaded_pdfs_meta/doc_103.pdf
https://www.dtu.ac.in/Web/notice/2024/oct/file1034.pdf,downloaded_pdfs_meta/doc_511.pdf
https://www.dtu.ac.in/Web/Jobs/2024/apr/file0402.pdf,downloaded_pdfs_meta/doc_868.pdf
https://www.dtu.ac.in/Web/notice/2025/june/file0614.pdf,downloaded_pdfs_meta/doc_104.pdf
https://www.dtu.ac.in/Web/notice/2024/oct/file1027.pdf,downloaded_pdfs_meta/doc_512.pdf
https://www.dtu.ac.in/Web/Jobs/2024/apr/file0401.pdf,downloaded_pdfs_meta/doc_869.pdf
https://www.dtu.ac.in/Web/notice/2025/june/file0612.pdf,downloaded_pdfs_meta/doc_105.pdf
https://www.dtu.ac.in/Web/notice/2024/oct/file1026.pdf,downloaded_pdfs_meta/doc_513.pdf
https://www.dtu.ac.in/Web/Jobs/2024/mar/file0308.pdf,downloaded_pdfs_meta/doc_870.pdf
https://www.dtu.ac.in/Web/notice/2025/june/file0611.pdf,downloaded_pdfs_meta/doc_106.pdf
https://www.dtu.ac.in/Web/notice/2024/oct/file1025.pdf,downloaded_pdfs_meta/doc_514.pdf
https://www.dtu.ac.in/Web/Jobs/2024/mar/file0306.pdf,downloaded_pdfs_meta/doc_871.pdf
https://www.dtu.ac.in/Web/notice/2025/june/file0609.pdf,downloaded_pdfs_meta/doc_107.pdf
https://www.dtu.ac.in/Web/notice/2024/oct/file1024.pdf,downloaded_pdfs_meta/doc_515.pdf
https://www.dtu.ac.in/Web/Jobs/2024/mar/file0305.pdf,downloaded_pdfs_meta/doc_872.pdf
https://www.dtu.ac.in/Web/notice/2025/june/file0608.pdf,downloaded_pdfs_meta/doc_108.pdf
https://www.dtu.ac.in/Web/notice/2024/oct/file1023.pdf,downloaded_pdfs_meta/doc_516.pdf
https://www.dtu.ac.in/Web/Jobs/2024/mar/file0302.pdf,downloaded_pdfs_meta/doc_873.pdf
https://www.dtu.ac.in/Web/notice/2025/june/file0604.pdf,downloaded_pdfs_meta/doc_109.pdf
https://www.dtu.ac.in/Web/notice/2024/oct/file1022.pdf,downloaded_pdfs_meta/doc_517.pdf
https://www.dtu.ac.in/Web/Jobs/2024/mar/file0303.pdf,downloaded_pdfs_meta/doc_874.pdf
https://www.dtu.ac.in/Web/notice/2025/may/file0554.pdf,downloaded_pdfs_meta/doc_110.pdf
https://www.dtu.ac.in/Web/notice/2024/oct/file1021.pdf,downloaded_pdfs_meta/doc_518.pdf
https://www.dtu.ac.in/Web/Jobs/2024/mar/file0307.pdf,downloaded_pdfs_meta/doc_875.pdf
https://www.dtu.ac.in/Web/notice/2025/may/file0552.pdf,downloaded_pdfs_meta/doc_111.pdf
https://www.dtu.ac.in/Web/notice/2024/oct/file1020.pdf,downloaded_pdfs_meta/doc_519.pdf
https://www.dtu.ac.in/Web/tender/2025/june/file0628.pdf,downloaded_pdfs_meta/doc_876.pdf
https://www.dtu.ac.in/Web/notice/2025/may/file0549.pdf,downloaded_pdfs_meta/doc_112.pdf
https://www.dtu.ac.in/Web/tender/2025/june/file0627.pdf,downloaded_pdfs_meta/doc_877.pdf
https://www.dtu.ac.in/Web/notice/2025/may/file0546.pdf,downloaded_pdfs_meta/doc_113.pdf
https://www.dtu.ac.in/Web/tender/2025/june/file0626.pdf,downloaded_pdfs_meta/doc_878.pdf
https://www.dtu.ac.in/Web/notice/2025/may/file0544.pdf,downloaded_pdfs_meta/doc_114.pdf
https://www.dtu.ac.in/Web/tender/2025/june/file0624.pdf,downloaded_pdfs_meta/doc_879.pdf
https://www.dtu.ac.in/Web/notice/2025/may/file0540.pdf,downloaded_pdfs_meta/doc_115.pdf
https://www.dtu.ac.in/Web/tender/2025/june/file0623.pdf,downloaded_pdfs_meta/doc_880.pdf
https://www.dtu.ac.in/Web/notice/2025/may/file0540.pdf,downloaded_pdfs_meta/doc_116.pdf
https://www.dtu.ac.in/Web/tender/2025/june/file0622.pdf,downloaded_pdfs_meta/doc_881.pdf
https://www.dtu.ac.in/Web/notice/2025/may/file0539.pdf,downloaded_pdfs_meta/doc_117.pdf
https://www.dtu.ac.in/Web/tender/2025/june/file0621.pdf,downloaded_pdfs_meta/doc_882.pdf
https://www.dtu.ac.in/Web/notice/2025/may/file0529.pdf,downloaded_pdfs_meta/doc_118.pdf
https://www.dtu.ac.in/Web/notice/2024/sep/file0905.pdf,downloaded_pdfs_meta/doc_526.pdf
https://www.dtu.ac.in/Web/tender/2025/june/file0620.pdf,downloaded_pdfs_meta/doc_883.pdf
https://www.dtu.ac.in/Web/notice/2025/may/file0528.pdf,downloaded_pdfs_meta/doc_119.pdf
https://www.dtu.ac.in/Web/notice/2024/sep/file0904.pdf,downloaded_pdfs_meta/doc_527.pdf
https://www.dtu.ac.in/Web/tender/2025/june/file0619.pdf,downloaded_pdfs_meta/doc_884.pdf
https://www.dtu.ac.in/Web/notice/2025/may/file0525.pdf,downloaded_pdfs_meta/doc_120.pdf
https://www.dtu.ac.in/Web/notice/2024/aug/file0864.pdf,downloaded_pdfs_meta/doc_528.pdf
https://www.dtu.ac.in/Web/tender/2025/june/file0618.pdf,downloaded_pdfs_meta/doc_885.pdf
https://www.dtu.ac.in/Web/notice/2025/may/file0526.pdf,downloaded_pdfs_meta/doc_121.pdf
https://www.dtu.ac.in/Web/notice/2024/aug/file0862.pdf,downloaded_pdfs_meta/doc_529.pdf
https://www.dtu.ac.in/Web/tender/2025/june/file0617.pdf,downloaded_pdfs_meta/doc_886.pdf
https://www.dtu.ac.in/Web/Events/2025/may/file0502.pdf,downloaded_pdfs_meta/doc_122.pdf
https://www.dtu.ac.in/Web/notice/2024/aug/file0861.pdf,downloaded_pdfs_meta/doc_530.pdf
https://www.dtu.ac.in/Web/tender/2025/june/file0615.pdf,downloaded_pdfs_meta/doc_887.pdf
https://www.dtu.ac.in/Web/Events/2025/may/file0501.pdf,downloaded_pdfs_meta/doc_123.pdf
https://www.dtu.ac.in/Web/tender/2025/june/file0614.pdf,downloaded_pdfs_meta/doc_888.pdf
https://www.dtu.ac.in/Web/Events/2025/may/file0501.pdf,downloaded_pdfs_meta/doc_124.pdf
https://www.dtu.ac.in/Web/notice/2024/aug/file0850.pdf,downloaded_pdfs_meta/doc_532.pdf
https://www.dtu.ac.in/Web/tender/2024/mar/file0301.pdf,downloaded_pdfs_meta/doc_1058.pdf
https://www.dtu.ac.in/Web/tender/2024/feb/file0219.pdf,downloaded_pdfs_meta/doc_1059.pdf
https://www.dtu.ac.in/Web/tender/2024/feb/file0218.pdf,downloaded_pdfs_meta/doc_1060.pdf
https://www.dtu.ac.in/Web/tender/2024/feb/file0218.pdf,downloaded_pdfs_meta/doc_1061.pdf
https://www.dtu.ac.in/Web/tender/2024/feb/file0217.pdf,downloaded_pdfs_meta/doc_1062.pdf
https://www.dtu.ac.in/Web/tender/2024/feb/file0216.pdf,downloaded_pdfs_meta/doc_1063.pdf
https://www.dtu.ac.in/Web/tender/2024/feb/file0215.pdf,downloaded_pdfs_meta/doc_1064.pdf
https://www.dtu.ac.in/Web/tender/2024/feb/file0214.pdf,downloaded_pdfs_meta/doc_1065.pdf
https://www.dtu.ac.in/Web/tender/2024/feb/file0213.pdf,downloaded_pdfs_meta/doc_1066.pdf
https://www.dtu.ac.in/Web/tender/2024/feb/file0212.pdf,downloaded_pdfs_meta/doc_1067.pdf
https://www.dtu.ac.in/Web/tender/2024/feb/file0211.pdf,downloaded_pdfs_meta/doc_1068.pdf
https://www.dtu.ac.in/Web/tender/2024/feb/file0210.pdf,downloaded_pdfs_meta/doc_1069.pdf
https://www.dtu.ac.in/Web/tender/2024/feb/file0209.pdf,downloaded_pdfs_meta/doc_1070.pdf
https://www.dtu.ac.in/Web/tender/2024/feb/file0208.pdf,downloaded_pdfs_meta/doc_1071.pdf
https://www.dtu.ac.in/Web/tender/2024/feb/file0206.pdf,downloaded_pdfs_meta/doc_1072.pdf
https://www.dtu.ac.in/Web/tender/2024/feb/file0207.pdf,downloaded_pdfs_meta/doc_1073.pdf
https://www.dtu.ac.in/Web/tender/2024/feb/file0205.pdf,downloaded_pdfs_meta/doc_1074.pdf
https://www.dtu.ac.in/Web/tender/2024/feb/file0204.pdf,downloaded_pdfs_meta/doc_1075.pdf
https://www.dtu.ac.in/Web/tender/2024/feb/file0201.pdf,downloaded_pdfs_meta/doc_1076.pdf
https://www.dtu.ac.in/Web/tender/2024/feb/file0203.pdf,downloaded_pdfs_meta/doc_1077.pdf
https://www.dtu.ac.in/Web/tender/2024/feb/file0202.pdf,downloaded_pdfs_meta/doc_1078.pdf
https://www.dtu.ac.in/Web/tender/2024/jan/file0117.pdf,downloaded_pdfs_meta/doc_1079.pdf
https://www.dtu.ac.in/Web/tender/2024/jan/file0116.pdf,downloaded_pdfs_meta/doc_1080.pdf
https://www.dtu.ac.in/Web/tender/2024/jan/file0115.pdf,downloaded_pdfs_meta/doc_1081.pdf
https://www.dtu.ac.in/Web/tender/2024/jan/file0109.pdf,downloaded_pdfs_meta/doc_1082.pdf
https://www.dtu.ac.in/Web/tender/2024/jan/file0111.pdf,downloaded_pdfs_meta/doc_1083.pdf
https://www.dtu.ac.in/Web/tender/2024/jan/file0110.pdf,downloaded_pdfs_meta/doc_1084.pdf
https://www.dtu.ac.in/Web/tender/2024/jan/file0114.pdf,downloaded_pdfs_meta/doc_1085.pdf
https://www.dtu.ac.in/Web/tender/2024/jan/file0113.pdf,downloaded_pdfs_meta/doc_1086.pdf
https://www.dtu.ac.in/Web/tender/2024/jan/file0112.pdf,downloaded_pdfs_meta/doc_1087.pdf
https://www.dtu.ac.in/Web/tender/2024/jan/file0108.pdf,downloaded_pdfs_meta/doc_1088.pdf
https://www.dtu.ac.in/Web/tender/2024/jan/file0107.pdf,downloaded_pdfs_meta/doc_1089.pdf
https://www.dtu.ac.in/Web/tender/2024/jan/file0106.pdf,downloaded_pdfs_meta/doc_1090.pdf
https://www.dtu.ac.in/Web/tender/2024/jan/file0105.pdf,downloaded_pdfs_meta/doc_1091.pdf
https://www.dtu.ac.in/Web/tender/2024/jan/file0104.pdf,downloaded_pdfs_meta/doc_1092.pdf
https://www.dtu.ac.in/Web/tender/2024/jan/file0103.pdf,downloaded_pdfs_meta/doc_1093.pdf
https://www.dtu.ac.in/Web/tender/2024/jan/file0102.pdf,downloaded_pdfs_meta/doc_1094.pdf
https://www.dtu.ac.in/Web/tender/2024/jan/file0101.pdf,downloaded_pdfs_meta/doc_1095.pdf
https://www.dtu.ac.in/Web/notice/2024/sep/file0918.pdf,downloaded_pdfs_meta/doc_1097.pdf
https://www.dtu.ac.in/Web/notice/2024/sep/file0902.pdf,downloaded_pdfs_meta/doc_1098.pdf
https://www.dtu.ac.in/Web/notice/2024/aug/file0868.pdf,downloaded_pdfs_meta/doc_1099.pdf
https://www.dtu.ac.in/Web/notice/2024/aug/file0867.pdf,downloaded_pdfs_meta/doc_1100.pdf
https://www.dtu.ac.in/Web/notice/2024/aug/file0866.pdf,downloaded_pdfs_meta/doc_1101.pdf
https://www.dtu.ac.in/Web/notice/2024/aug/file0865.pdf,downloaded_pdfs_meta/doc_1102.pdf
https://www.dtu.ac.in/Web/notice/2024/aug/file0863.pdf,downloaded_pdfs_meta/doc_1103.pdf
https://www.dtu.ac.in/Web/notice/2024/aug/file0847.pdf,downloaded_pdfs_meta/doc_1104.pdf
https://www.dtu.ac.in/Web/notice/2024/aug/file0828.pdf,downloaded_pdfs_meta/doc_1105.pdf
https://www.dtu.ac.in/Web/notice/2024/aug/file0811.pdf,downloaded_pdfs_meta/doc_1108.pdf
https://www.dtu.ac.in/Web/notice/2024/aug/file0812.pdf,downloaded_pdfs_meta/doc_1109.pdf
https://www.dtu.ac.in/Web/notice/2024/aug/file0810.pdf,downloaded_pdfs_meta/doc_1110.pdf
https://www.dtu.ac.in/Web/notice/2024/mar/file0330.pdf,downloaded_pdfs_meta/doc_1120.pdf
https://www.dtu.ac.in/Web/notice/2024/mar/file0324.pdf,downloaded_pdfs_meta/doc_1121.pdf
https://dtu.ac.in/Web/Admission/brochure/2024/Brochure_Phd2025_winter.pdf,downloaded_pdfs_meta/doc_255.pdf
https://www.dtu.ac.in/Web/notice/2024/mar/file0307.pdf,downloaded_pdfs_meta/doc_1122.pdf
https://www.dtu.ac.in/Web/notice/2024/feb/file0204.pdf,downloaded_pdfs_meta/doc_1123.pdf
https://www.dtu.ac.in/Web/notice/2024/feb/file0201.pdf,downloaded_pdfs_meta/doc_1124.pdf
https://www.dtu.ac.in/Web/notice/2024/jan/file0138.pdf,downloaded_pdfs_meta/doc_1125.pdf
https://www.dtu.ac.in/Web/notice/2024/jan/file0136.pdf,downloaded_pdfs_meta/doc_1126.pdf
https://www.dtu.ac.in/Web/notice/2024/jan/file0133.pdf,downloaded_pdfs_meta/doc_1127.pdf
https://www.dtu.ac.in/Web/notice/2024/jan/file0128.pdf,downloaded_pdfs_meta/doc_1128.pdf
https://www.dtu.ac.in/Web/notice/2024/jan/file0127.pdf,downloaded_pdfs_meta/doc_1129.pdf
https://www.dtu.ac.in/Web/notice/2024/jan/file0123.pdf,downloaded_pdfs_meta/doc_1130.pdf
https://www.dtu.ac.in/Web/notice/2024/jan/file0117.pdf,downloaded_pdfs_meta/doc_1131.pdf
https://www.dtu.ac.in/Web/notice/2024/jan/file0116.pdf,downloaded_pdfs_meta/doc_1132.pdf
https://www.dtu.ac.in/Web/notice/2024/jan/file0115.pdf,downloaded_pdfs_meta/doc_1133.pdf
https://www.dtu.ac.in/Web/notice/2024/jan/file0101.pdf,downloaded_pdfs_meta/doc_1134.pdf
https://www.dtu.ac.in/Web/notice/2023/dec/file1254.pdf,downloaded_pdfs_meta/doc_1135.pdf
https://www.dtu.ac.in/Web/notice/2023/dec/file1257.pdf,downloaded_pdfs_meta/doc_1136.pdf
https://www.dtu.ac.in/Web/notice/2023/dec/file1255.pdf,downloaded_pdfs_meta/doc_1137.pdf
https://www.dtu.ac.in/Web/notice/2023/dec/file1256.pdf,downloaded_pdfs_meta/doc_1138.pdf
https://www.dtu.ac.in/Web/notice/2023/dec/file1247.pdf,downloaded_pdfs_meta/doc_1139.pdf
https://www.dtu.ac.in/Web/notice/2023/dec/file1246.pdf,downloaded_pdfs_meta/doc_1140.pdf
https://www.dtu.ac.in/Web/notice/2023/dec/file1237.pdf,downloaded_pdfs_meta/doc_1141.pdf
https://www.dtu.ac.in/Web/notice/2023/dec/file1238.pdf,downloaded_pdfs_meta/doc_1142.pdf
https://www.dtu.ac.in/Web/notice/2023/dec/file1239.pdf,downloaded_pdfs_meta/doc_1143.pdf
https://www.dtu.ac.in/Web/notice/2023/dec/file1235.pdf,downloaded_pdfs_meta/doc_1144.pdf
https://www.dtu.ac.in/Web/notice/2023/dec/file1204.pdf,downloaded_pdfs_meta/doc_1145.pdf
https://www.dtu.ac.in/Web/notice/2023/dec/file1203.pdf,downloaded_pdfs_meta/doc_1146.pdf
https://www.dtu.ac.in/Web/notice/2023/dec/file1202.pdf,downloaded_pdfs_meta/doc_1147.pdf
https://www.dtu.ac.in/Web/notice/2023/nov/file1155.pdf,downloaded_pdfs_meta/doc_1148.pdf
https://www.dtu.ac.in/Web/notice/2023/nov/file1138.pdf,downloaded_pdfs_meta/doc_1149.pdf
https://www.dtu.ac.in/Web/notice/2023/nov/file1136.pdf,downloaded_pdfs_meta/doc_1150.pdf
https://www.dtu.ac.in/Web/notice/2023/nov/file1111.pdf,downloaded_pdfs_meta/doc_1151.pdf
https://www.dtu.ac.in/Web/notice/2023/nov/file1103.pdf,downloaded_pdfs_meta/doc_1152.pdf
https://www.dtu.ac.in/Web/notice/2023/nov/file1102.pdf,downloaded_pdfs_meta/doc_1153.pdf
https://www.dtu.ac.in/Web/notice/2023/sep/file09110.pdf,downloaded_pdfs_meta/doc_1154.pdf
https://www.dtu.ac.in/Web/notice/2023/sep/file09101.pdf,downloaded_pdfs_meta/doc_1155.pdf
https://www.dtu.ac.in/Web/notice/2023/sep/file0928.pdf,downloaded_pdfs_meta/doc_1157.pdf
https://www.dtu.ac.in/Web/notice/2023/sep/file0925.pdf,downloaded_pdfs_meta/doc_1158.pdf
https://www.dtu.ac.in/Web/notice/2023/sep/file0924.pdf,downloaded_pdfs_meta/doc_1159.pdf
https://www.dtu.ac.in/Web/notice/2024/nov/file1155.pdf,downloaded_pdfs_meta/doc_293.pdf
https://www.dtu.ac.in/Web/Jobs/2025/june/file0604.pdf,downloaded_pdfs_meta/doc_650.pdf
https://www.dtu.ac.in/Web/notice/2023/sep/file0921.pdf,downloaded_pdfs_meta/doc_1160.pdf
https://www.dtu.ac.in/Web/notice/2024/nov/file1152.pdf,downloaded_pdfs_meta/doc_294.pdf
https://www.dtu.ac.in/Web/Jobs/2025/june/file0605.pdf,downloaded_pdfs_meta/doc_651.pdf
https://www.dtu.ac.in/Web/notice/2023/sep/file0920.pdf,downloaded_pdfs_meta/doc_1161.pdf
https://www.dtu.ac.in/Web/notice/2024/nov/file1151.pdf,downloaded_pdfs_meta/doc_295.pdf
https://www.dtu.ac.in/Web/Jobs/2025/may/file0510.pdf,downloaded_pdfs_meta/doc_652.pdf
https://www.dtu.ac.in/Web/notice/2023/sep/file0915.pdf,downloaded_pdfs_meta/doc_1162.pdf
https://www.dtu.ac.in/Web/notice/2024/nov/file1149.pdf,downloaded_pdfs_meta/doc_296.pdf
https://www.dtu.ac.in/Web/Jobs/2025/may/file0509.pdf,downloaded_pdfs_meta/doc_653.pdf
https://www.dtu.ac.in/Web/notice/2023/sep/file0916.pdf,downloaded_pdfs_meta/doc_1163.pdf
https://www.dtu.ac.in/Web/notice/2024/nov/file1148.pdf,downloaded_pdfs_meta/doc_297.pdf
https://www.dtu.ac.in/Web/Jobs/2025/may/file0508.pdf,downloaded_pdfs_meta/doc_654.pdf
https://www.dtu.ac.in/Web/notice/2023/sep/file0917.pdf,downloaded_pdfs_meta/doc_1164.pdf
https://www.dtu.ac.in/Web/notice/2024/nov/file1147.pdf,downloaded_pdfs_meta/doc_298.pdf
https://www.dtu.ac.in/Web/Jobs/2025/may/file0507.pdf,downloaded_pdfs_meta/doc_655.pdf
https://www.dtu.ac.in/Web/notice/2023/sep/file0914.pdf,downloaded_pdfs_meta/doc_1165.pdf
https://www.dtu.ac.in/Web/notice/2024/nov/file1145.pdf,downloaded_pdfs_meta/doc_299.pdf
https://www.dtu.ac.in/Web/Jobs/2025/may/file0506.pdf,downloaded_pdfs_meta/doc_656.pdf
https://www.dtu.ac.in/Web/notice/2023/sep/file0910.pdf,downloaded_pdfs_meta/doc_1166.pdf
https://www.dtu.ac.in/Web/notice/2024/nov/file1140.pdf,downloaded_pdfs_meta/doc_300.pdf
https://www.dtu.ac.in/Web/Jobs/2025/may/file0505.pdf,downloaded_pdfs_meta/doc_657.pdf
https://www.dtu.ac.in/Web/notice/2023/sep/file0909.pdf,downloaded_pdfs_meta/doc_1167.pdf
https://www.dtu.ac.in/Web/notice/2024/nov/file1139.pdf,downloaded_pdfs_meta/doc_301.pdf
https://www.dtu.ac.in/Web/Jobs/2025/may/file0503.pdf,downloaded_pdfs_meta/doc_658.pdf
https://www.dtu.ac.in/Web/notice/2023/sep/file0908.pdf,downloaded_pdfs_meta/doc_1168.pdf
https://www.dtu.ac.in/Web/notice/2024/nov/file1138.pdf,downloaded_pdfs_meta/doc_302.pdf
https://www.dtu.ac.in/Web/Jobs/2025/may/file0504.pdf,downloaded_pdfs_meta/doc_659.pdf
https://www.dtu.ac.in/Web/notice/2023/sep/file0906.pdf,downloaded_pdfs_meta/doc_1169.pdf
https://www.dtu.ac.in/Web/notice/2024/nov/file1136.pdf,downloaded_pdfs_meta/doc_303.pdf
https://www.dtu.ac.in/Web/Jobs/2025/may/file0502.pdf,downloaded_pdfs_meta/doc_660.pdf
https://www.dtu.ac.in/Web/notice/2023/sep/file0905.pdf,downloaded_pdfs_meta/doc_1170.pdf
https://www.dtu.ac.in/Web/notice/2024/nov/file1135.pdf,downloaded_pdfs_meta/doc_304.pdf
https://www.dtu.ac.in/Web/Jobs/2025/may/file0501.pdf,downloaded_pdfs_meta/doc_661.pdf
https://www.dtu.ac.in/Web/notice/2023/sep/file0905.pdf,downloaded_pdfs_meta/doc_1171.pdf
https://www.dtu.ac.in/Web/notice/2024/nov/file1134.pdf,downloaded_pdfs_meta/doc_305.pdf
https://www.dtu.ac.in/Web/Jobs/2025/apr/file0422.pdf,downloaded_pdfs_meta/doc_662.pdf
https://www.dtu.ac.in/Web/notice/2023/sep/file0904.pdf,downloaded_pdfs_meta/doc_1172.pdf
https://www.dtu.ac.in/Web/notice/2024/nov/file1133.pdf,downloaded_pdfs_meta/doc_306.pdf
https://www.dtu.ac.in/Web/Jobs/2025/apr/file0420.pdf,downloaded_pdfs_meta/doc_663.pdf
https://www.dtu.ac.in/Web/notice/2023/sep/file0901.pdf,downloaded_pdfs_meta/doc_1173.pdf
https://www.dtu.ac.in/Web/notice/2024/nov/file1132.pdf,downloaded_pdfs_meta/doc_307.pdf
https://www.dtu.ac.in/Web/Jobs/2025/apr/file0421.pdf,downloaded_pdfs_meta/doc_664.pdf
https://www.dtu.ac.in/Web/notice/2023/sep/file0902.pdf,downloaded_pdfs_meta/doc_1174.pdf
https://www.dtu.ac.in/Web/notice/2024/nov/file1128.pdf,downloaded_pdfs_meta/doc_308.pdf
https://www.dtu.ac.in/Web/Jobs/2025/apr/file0419.pdf,downloaded_pdfs_meta/doc_665.pdf
https://www.dtu.ac.in/Web/notice/2023/aug/file0868.pdf,downloaded_pdfs_meta/doc_1175.pdf
https://www.dtu.ac.in/Web/notice/2024/nov/file1126.pdf,downloaded_pdfs_meta/doc_309.pdf
https://www.dtu.ac.in/Web/Jobs/2025/apr/file0414.pdf,downloaded_pdfs_meta/doc_666.pdf
https://www.dtu.ac.in/Web/notice/2023/aug/file0858.pdf,downloaded_pdfs_meta/doc_1176.pdf
https://www.dtu.ac.in/Web/notice/2024/nov/file1125.pdf,downloaded_pdfs_meta/doc_310.pdf
https://www.dtu.ac.in/Web/Jobs/2025/apr/file0415.pdf,downloaded_pdfs_meta/doc_667.pdf
https://www.dtu.ac.in/Web/notice/2023/aug/file0857.pdf,downloaded_pdfs_meta/doc_1177.pdf
https://www.dtu.ac.in/Web/notice/2024/nov/file1124.pdf,downloaded_pdfs_meta/doc_311.pdf
https://www.dtu.ac.in/Web/Jobs/2025/apr/file0416.pdf,downloaded_pdfs_meta/doc_668.pdf
https://www.dtu.ac.in/Web/Events/2025/june/file0605.pdf,downloaded_pdfs_meta/doc_1178.pdf
https://www.dtu.ac.in/Web/Events/2025/june/file0604.pdf,downloaded_pdfs_meta/doc_1179.pdf
https://www.dtu.ac.in/Web/notice/2024/nov/file1120.pdf,downloaded_pdfs_meta/doc_312.pdf
https://www.dtu.ac.in/Web/Jobs/2025/apr/file0417.pdf,downloaded_pdfs_meta/doc_669.pdf
https://www.dtu.ac.in/Web/Events/2025/june/file0602.pdf,downloaded_pdfs_meta/doc_1180.pdf
https://www.dtu.ac.in/Web/notice/2024/nov/file1121.pdf,downloaded_pdfs_meta/doc_313.pdf
https://www.dtu.ac.in/Web/Jobs/2025/apr/file0418.pdf,downloaded_pdfs_meta/doc_670.pdf
https://www.dtu.ac.in/Web/Events/2025/may/file0502.pdf,downloaded_pdfs_meta/doc_1181.pdf
https://www.dtu.ac.in/Web/notice/2024/nov/file1119.pdf,downloaded_pdfs_meta/doc_314.pdf
https://www.dtu.ac.in/Web/Jobs/2025/apr/file0412.pdf,downloaded_pdfs_meta/doc_671.pdf
https://www.dtu.ac.in/Web/Events/2025/may/file0501.pdf,downloaded_pdfs_meta/doc_1182.pdf
https://www.dtu.ac.in/Web/notice/2024/nov/file1104.pdf,downloaded_pdfs_meta/doc_315.pdf
https://www.dtu.ac.in/Web/Jobs/2025/apr/file0413.pdf,downloaded_pdfs_meta/doc_672.pdf
https://www.dtu.ac.in/Web/notice/2024/nov/file1102.pdf,downloaded_pdfs_meta/doc_316.pdf
https://www.dtu.ac.in/Web/Jobs/2025/mar/file0341.pdf,downloaded_pdfs_meta/doc_673.pdf
https://www.dtu.ac.in/Web/Events/2025/may/file0501.pdf,downloaded_pdfs_meta/doc_1183.pdf
https://www.dtu.ac.in/Web/notice/2024/nov/file1101.pdf,downloaded_pdfs_meta/doc_317.pdf
https://www.dtu.ac.in/Web/Jobs/2025/apr/file0405.pdf,downloaded_pdfs_meta/doc_674.pdf
https://www.dtu.ac.in/Web/Events/2025/apr/file0402.pdf,downloaded_pdfs_meta/doc_1184.pdf
https://www.dtu.ac.in/Web/notice/2024/oct/file1042.pdf,downloaded_pdfs_meta/doc_318.pdf
https://www.dtu.ac.in/Web/Jobs/2025/apr/file0406.pdf,downloaded_pdfs_meta/doc_675.pdf
https://www.dtu.ac.in/Web/Events/2025/apr/file0205.pdf,downloaded_pdfs_meta/doc_1185.pdf
https://www.dtu.ac.in/Web/notice/2024/oct/file1039.pdf,downloaded_pdfs_meta/doc_319.pdf
https://www.dtu.ac.in/Web/Jobs/2025/apr/file0407.pdf,downloaded_pdfs_meta/doc_676.pdf
https://www.dtu.ac.in/Web/Events/2025/march/file0204.pdf,downloaded_pdfs_meta/doc_1186.pdf
https://www.dtu.ac.in/Web/notice/2024/oct/file1037.pdf,downloaded_pdfs_meta/doc_320.pdf
https://www.dtu.ac.in/Web/Jobs/2025/apr/file0408.pdf,downloaded_pdfs_meta/doc_677.pdf
https://www.dtu.ac.in/Web/Events/2025/march/file0202.pdf,downloaded_pdfs_meta/doc_1187.pdf
https://www.dtu.ac.in/Web/notice/2024/oct/file1033.pdf,downloaded_pdfs_meta/doc_321.pdf
https://www.dtu.ac.in/Web/Jobs/2025/apr/file0409.pdf,downloaded_pdfs_meta/doc_678.pdf
https://www.dtu.ac.in/Web/Events/2025/march/file0203.pdf,downloaded_pdfs_meta/doc_1188.pdf
https://www.dtu.ac.in/Web/notice/2024/oct/file1032.pdf,downloaded_pdfs_meta/doc_322.pdf
https://www.dtu.ac.in/Web/Jobs/2025/apr/file0410.pdf,downloaded_pdfs_meta/doc_679.pdf
https://www.dtu.ac.in/Web/Events/2025/feb/file0202.pdf,downloaded_pdfs_meta/doc_1189.pdf
https://www.dtu.ac.in/Web/notice/2024/oct/file1031.pdf,downloaded_pdfs_meta/doc_323.pdf
https://www.dtu.ac.in/Web/Jobs/2025/apr/file0404.pdf,downloaded_pdfs_meta/doc_680.pdf
https://www.dtu.ac.in/Web/Events/2025/feb/file0201.pdf,downloaded_pdfs_meta/doc_1190.pdf
https://www.dtu.ac.in/Web/notice/2024/oct/file1030.pdf,downloaded_pdfs_meta/doc_324.pdf
https://www.dtu.ac.in/Web/Jobs/2025/apr/file0403.pdf,downloaded_pdfs_meta/doc_681.pdf
https://www.dtu.ac.in/Web/Events/2025/jan/file0103.pdf,downloaded_pdfs_meta/doc_1191.pdf
https://www.dtu.ac.in/Web/notice/2024/oct/file1029.pdf,downloaded_pdfs_meta/doc_325.pdf
https://www.dtu.ac.in/Web/Jobs/2025/apr/file0402.pdf,downloaded_pdfs_meta/doc_682.pdf
https://www.dtu.ac.in/Web/Events/2025/jan/file0102.pdf,downloaded_pdfs_meta/doc_1192.pdf
https://www.dtu.ac.in/Web/notice/2024/oct/file1028.pdf,downloaded_pdfs_meta/doc_326.pdf
https://www.dtu.ac.in/Web/Jobs/2025/apr/file0401.pdf,downloaded_pdfs_meta/doc_683.pdf
https://www.dtu.ac.in/Web/Events/2025/jan/file0101.pdf,downloaded_pdfs_meta/doc_1193.pdf
https://www.dtu.ac.in/Web/notice/2024/nov/file1109.pdf,downloaded_pdfs_meta/doc_327.pdf
https://www.dtu.ac.in/Web/Jobs/2025/mar/file0342.pdf,downloaded_pdfs_meta/doc_684.pdf
https://www.dtu.ac.in/Web/Events/2024/dec/file1202.pdf,downloaded_pdfs_meta/doc_1194.pdf
https://www.dtu.ac.in/Web/notice/2024/nov/file1110.pdf,downloaded_pdfs_meta/doc_328.pdf
https://www.dtu.ac.in/Web/Jobs/2025/mar/file0343.pdf,downloaded_pdfs_meta/doc_685.pdf
https://www.dtu.ac.in/Web/Events/2024/dec/file1201.pdf,downloaded_pdfs_meta/doc_1195.pdf
https://www.dtu.ac.in/Web/notice/2024/nov/file1111.pdf,downloaded_pdfs_meta/doc_329.pdf
https://www.dtu.ac.in/Web/Jobs/2025/mar/file0344.pdf,downloaded_pdfs_meta/doc_686.pdf
https://www.dtu.ac.in/Web/Events/2024/nov/file1109.pdf,downloaded_pdfs_meta/doc_1196.pdf
https://www.dtu.ac.in/Web/Events/2024/nov/file1108.pdf,downloaded_pdfs_meta/doc_1197.pdf
https://www.dtu.ac.in/Web/notice/2024/nov/file1112.pdf,downloaded_pdfs_meta/doc_330.pdf
https://www.dtu.ac.in/Web/Jobs/2025/mar/file0345.pdf,downloaded_pdfs_meta/doc_687.pdf
https://www.dtu.ac.in/Web/notice/2024/nov/file1113.pdf,downloaded_pdfs_meta/doc_331.pdf
https://www.dtu.ac.in/Web/Jobs/2025/mar/file0346.pdf,downloaded_pdfs_meta/doc_688.pdf
https://www.dtu.ac.in/Web/Events/2024/nov/file1107.pdf,downloaded_pdfs_meta/doc_1198.pdf
https://www.dtu.ac.in/Web/Events/2024/nov/file1106.pdf,downloaded_pdfs_meta/doc_1199.pdf
https://www.dtu.ac.in/Web/notice/2024/nov/file1114.pdf,downloaded_pdfs_meta/doc_332.pdf
https://www.dtu.ac.in/Web/Jobs/2025/mar/file0341.pdf,downloaded_pdfs_meta/doc_689.pdf
https://www.dtu.ac.in/Web/Events/2024/nov/file1105.pdf,downloaded_pdfs_meta/doc_1200.pdf
https://www.dtu.ac.in/Web/notice/2024/nov/file1115.pdf,downloaded_pdfs_meta/doc_333.pdf
https://www.dtu.ac.in/Web/Jobs/2025/mar/file0340.pdf,downloaded_pdfs_meta/doc_690.pdf
https://www.dtu.ac.in/Web/Events/2024/nov/file1104.pdf,downloaded_pdfs_meta/doc_1201.pdf
https://www.dtu.ac.in/Web/notice/2024/nov/file1116.pdf,downloaded_pdfs_meta/doc_334.pdf
https://www.dtu.ac.in/Web/Jobs/2025/mar/file0338.pdf,downloaded_pdfs_meta/doc_691.pdf
https://www.dtu.ac.in/Web/Events/2024/nov/file1103.pdf,downloaded_pdfs_meta/doc_1202.pdf
https://www.dtu.ac.in/Web/notice/2024/nov/file1117.pdf,downloaded_pdfs_meta/doc_335.pdf
https://www.dtu.ac.in/Web/Jobs/2025/mar/file0339.pdf,downloaded_pdfs_meta/doc_692.pdf
https://www.dtu.ac.in/Web/notice/2024/nov/file1118.pdf,downloaded_pdfs_meta/doc_336.pdf
https://www.dtu.ac.in/Web/Jobs/2025/mar/file0337.pdf,downloaded_pdfs_meta/doc_693.pdf
https://www.dtu.ac.in/Web/Events/2024/nov/file1102.pdf,downloaded_pdfs_meta/doc_1203.pdf
https://www.dtu.ac.in/Web/Jobs/2025/mar/file0336.pdf,downloaded_pdfs_meta/doc_694.pdf
https://www.dtu.ac.in/Web/Events/2024/nov/file1101.pdf,downloaded_pdfs_meta/doc_1204.pdf
https://www.dtu.ac.in/Web/Jobs/2025/mar/file0335.pdf,downloaded_pdfs_meta/doc_695.pdf
https://www.dtu.ac.in/Web/Events/2024/oct/file1004.pdf,downloaded_pdfs_meta/doc_1205.pdf
https://www.dtu.ac.in/Web/Events/2024/oct/file1003.pdf,downloaded_pdfs_meta/doc_1206.pdf
https://www.dtu.ac.in/Web/Jobs/2025/mar/file0329.pdf,downloaded_pdfs_meta/doc_696.pdf
https://www.dtu.ac.in/Web/Events/2024/oct/file1002.pdf,downloaded_pdfs_meta/doc_1207.pdf
https://www.dtu.ac.in/Web/Admission/brochure/2024/spspotround.pdf,downloaded_pdfs_meta/doc_340.pdf
https://www.dtu.ac.in/Web/Jobs/2025/mar/file0330.pdf,downloaded_pdfs_meta/doc_697.pdf
https://www.dtu.ac.in/Web/Events/2024/oct/file1002.pdf,downloaded_pdfs_meta/doc_1208.pdf
https://www.dtu.ac.in/Web/Admission/brochure/2024/bahbbassr.pdf,downloaded_pdfs_meta/doc_341.pdf
https://www.dtu.ac.in/Web/Jobs/2025/mar/file0331.pdf,downloaded_pdfs_meta/doc_698.pdf
https://www.dtu.ac.in/Web/notice/2024/oct/file1008.pdf,downloaded_pdfs_meta/doc_342.pdf
https://www.dtu.ac.in/Web/Jobs/2025/mar/file0332.pdf,downloaded_pdfs_meta/doc_699.pdf
https://www.dtu.ac.in/Web/Events/2024/oct/file1001.pdf,downloaded_pdfs_meta/doc_1209.pdf
https://www.dtu.ac.in/Web/notice/2024/oct/file1005.pdf,downloaded_pdfs_meta/doc_343.pdf
https://www.dtu.ac.in/Web/Jobs/2025/mar/file0333.pdf,downloaded_pdfs_meta/doc_700.pdf
https://www.dtu.ac.in/Web/notice/2024/oct/file1004.pdf,downloaded_pdfs_meta/doc_344.pdf
https://www.dtu.ac.in/Web/Jobs/2025/mar/file0334.pdf,downloaded_pdfs_meta/doc_701.pdf
https://www.dtu.ac.in/Web/notice/2024/oct/file1001.pdf,downloaded_pdfs_meta/doc_345.pdf
https://www.dtu.ac.in/Web/Jobs/2025/mar/file0323.pdf,downloaded_pdfs_meta/doc_702.pdf
https://www.dtu.ac.in/Web/notice/2024/oct/file1002.pdf,downloaded_pdfs_meta/doc_346.pdf
https://www.dtu.ac.in/Web/Jobs/2025/mar/file0324.pdf,downloaded_pdfs_meta/doc_703.pdf
https://www.dtu.ac.in/Web/notice/2024/sep/file0901.pdf,downloaded_pdfs_meta/doc_347.pdf
https://www.dtu.ac.in/Web/Jobs/2025/mar/file0325.pdf,downloaded_pdfs_meta/doc_704.pdf
https://www.dtu.ac.in/Web/Jobs/2025/mar/file0326.pdf,downloaded_pdfs_meta/doc_705.pdf
https://www.dtu.ac.in/Web/Jobs/2025/mar/file0327.pdf,downloaded_pdfs_meta/doc_706.pdf
https://www.dtu.ac.in/Web/Events/2024/june/file0601.pdf,downloaded_pdfs_meta/doc_1216.pdf
https://www.dtu.ac.in/Web/Jobs/2025/mar/file0328.pdf,downloaded_pdfs_meta/doc_707.pdf
https://www.dtu.ac.in/Web/Events/2024/may/file0504.pdf,downloaded_pdfs_meta/doc_1217.pdf
https://www.dtu.ac.in/Web/Jobs/2025/mar/file0317.pdf,downloaded_pdfs_meta/doc_708.pdf
https://www.dtu.ac.in/Web/Events/2024/may/file0503.pdf,downloaded_pdfs_meta/doc_1218.pdf
https://www.dtu.ac.in/Web/Jobs/2025/mar/file0318.pdf,downloaded_pdfs_meta/doc_709.pdf
https://www.dtu.ac.in/Web/Events/2024/may/file0502.pdf,downloaded_pdfs_meta/doc_1219.pdf
https://www.dtu.ac.in/Web/Events/2024/may/file0501.pdf,downloaded_pdfs_meta/doc_1220.pdf
https://www.dtu.ac.in/Web/Jobs/2025/mar/file0319.pdf,downloaded_pdfs_meta/doc_710.pdf
https://www.dtu.ac.in/Web/notice/2024/apr/file0417.pdf,downloaded_pdfs_meta/doc_1221.pdf
https://www.dtu.ac.in/Web/notice/2024/sep/file0924.pdf,downloaded_pdfs_meta/doc_354.pdf
https://www.dtu.ac.in/Web/Jobs/2025/mar/file0320.pdf,downloaded_pdfs_meta/doc_711.pdf
https://www.dtu.ac.in/Web/Events/2024/apr/file0401.pdf,downloaded_pdfs_meta/doc_1222.pdf
https://www.dtu.ac.in/Web/Jobs/2025/mar/file0321.pdf,downloaded_pdfs_meta/doc_712.pdf
https://www.dtu.ac.in/Web/Events/2024/mar/file0306.pdf,downloaded_pdfs_meta/doc_1223.pdf
https://www.dtu.ac.in/Web/Jobs/2025/mar/file0322.pdf,downloaded_pdfs_meta/doc_713.pdf
https://www.dtu.ac.in/Web/Events/2024/mar/file0303.pdf,downloaded_pdfs_meta/doc_1224.pdf
https://www.dtu.ac.in/Web/Jobs/2025/mar/file0311.pdf,downloaded_pdfs_meta/doc_714.pdf
https://www.dtu.ac.in/Web/Events/2024/mar/file0301.pdf,downloaded_pdfs_meta/doc_1225.pdf
https://www.dtu.ac.in/Web/Admission/brochure/2024/brochure_mae.pdf,downloaded_pdfs_meta/doc_358.pdf
https://www.dtu.ac.in/Web/Jobs/2025/mar/file0312.pdf,downloaded_pdfs_meta/doc_715.pdf
https://www.dtu.ac.in/Web/notice/2024/feb/file0230.pdf,downloaded_pdfs_meta/doc_1226.pdf
https://www.dtu.ac.in/Web/Jobs/2025/mar/file0313.pdf,downloaded_pdfs_meta/doc_716.pdf
https://www.dtu.ac.in/Web/Events/2024/feb/file0207.pdf,downloaded_pdfs_meta/doc_1227.pdf
https://www.dtu.ac.in/Web/Jobs/2025/mar/file0314.pdf,downloaded_pdfs_meta/doc_717.pdf
https://www.dtu.ac.in/Web/Events/2024/feb/file0206.pdf,downloaded_pdfs_meta/doc_1228.pdf
https://www.dtu.ac.in/Web/Jobs/2025/mar/file0315.pdf,downloaded_pdfs_meta/doc_718.pdf
https://www.dtu.ac.in/Web/Events/2024/feb/file0204.pdf,downloaded_pdfs_meta/doc_1229.pdf
https://www.dtu.ac.in/Web/Jobs/2025/mar/file0316.pdf,downloaded_pdfs_meta/doc_719.pdf
https://www.dtu.ac.in/Web/Jobs/2025/mar/file0305.pdf,downloaded_pdfs_meta/doc_720.pdf
https://www.dtu.ac.in/Web/Events/2024/feb/file0205.pdf,downloaded_pdfs_meta/doc_1230.pdf
https://www.dtu.ac.in/Web/Jobs/2025/mar/file0306.pdf,downloaded_pdfs_meta/doc_721.pdf
https://www.dtu.ac.in/Web/Events/2024/feb/file0203.pdf,downloaded_pdfs_meta/doc_1231.pdf
https://www.dtu.ac.in/Web/Jobs/2025/mar/file0307.pdf,downloaded_pdfs_meta/doc_722.pdf
https://www.dtu.ac.in/Web/Events/2024/feb/file0202.pdf,downloaded_pdfs_meta/doc_1232.pdf
https://www.dtu.ac.in/Web/Jobs/2025/mar/file0308.pdf,downloaded_pdfs_meta/doc_723.pdf
https://www.dtu.ac.in/Web/Events/2024/jan/file0102.pdf,downloaded_pdfs_meta/doc_1233.pdf
https://www.dtu.ac.in/Web/Jobs/2025/mar/file0309.pdf,downloaded_pdfs_meta/doc_724.pdf
https://www.dtu.ac.in/Web/Events/2024/jan/file0101.pdf,downloaded_pdfs_meta/doc_1234.pdf
https://www.dtu.ac.in/Web/Jobs/2025/mar/file0310.pdf,downloaded_pdfs_meta/doc_725.pdf
https://www.dtu.ac.in/Web/Events/2023/dec/file1205.pdf,downloaded_pdfs_meta/doc_1235.pdf
https://www.dtu.ac.in/Web/notice/2024/sep/file0928.pdf,downloaded_pdfs_meta/doc_369.pdf
https://www.dtu.ac.in/Web/Jobs/2025/mar/file0304.pdf,downloaded_pdfs_meta/doc_726.pdf
https://www.dtu.ac.in/Web/Events/2023/dec/file1204.pdf,downloaded_pdfs_meta/doc_1236.pdf
https://www.dtu.ac.in/Web/notice/2024/sep/file0927.pdf,downloaded_pdfs_meta/doc_370.pdf
https://www.dtu.ac.in/Web/Jobs/2025/mar/file0303.pdf,downloaded_pdfs_meta/doc_727.pdf
https://www.dtu.ac.in/Web/Events/2023/dec/file1203.pdf,downloaded_pdfs_meta/doc_1237.pdf
https://www.dtu.ac.in/Web/notice/2024/sep/file0926.pdf,downloaded_pdfs_meta/doc_371.pdf
https://www.dtu.ac.in/Web/Jobs/2025/mar/file0302.pdf,downloaded_pdfs_meta/doc_728.pdf
https://www.dtu.ac.in/Web/Events/2023/dec/file1201.pdf,downloaded_pdfs_meta/doc_1238.pdf
https://www.dtu.ac.in/Web/notice/2024/sep/file0925.pdf,downloaded_pdfs_meta/doc_372.pdf
https://www.dtu.ac.in/Web/Jobs/2025/mar/file0301.pdf,downloaded_pdfs_meta/doc_729.pdf
https://www.dtu.ac.in/Web/Events/2023/dec/file1202.pdf,downloaded_pdfs_meta/doc_1239.pdf
https://www.dtu.ac.in/Web/notice/2024/sep/file0929.pdf,downloaded_pdfs_meta/doc_373.pdf
https://www.dtu.ac.in/Web/Jobs/2025/feb/file0230.pdf,downloaded_pdfs_meta/doc_730.pdf
https://www.dtu.ac.in/Web/Events/2023/nov/file1110.pdf,downloaded_pdfs_meta/doc_1240.pdf
https://www.dtu.ac.in/Web/notice/2024/sep/file0922.pdf,downloaded_pdfs_meta/doc_374.pdf
https://www.dtu.ac.in/Web/Jobs/2025/feb/file0224.pdf,downloaded_pdfs_meta/doc_731.pdf
https://www.dtu.ac.in/Web/Events/2023/nov/file1109.pdf,downloaded_pdfs_meta/doc_1241.pdf
https://www.dtu.ac.in/Web/notice/2024/sep/file0921.pdf,downloaded_pdfs_meta/doc_375.pdf
https://www.dtu.ac.in/Web/Jobs/2025/feb/file0225.pdf,downloaded_pdfs_meta/doc_732.pdf
https://www.dtu.ac.in/Web/Events/2023/nov/file1108.pdf,downloaded_pdfs_meta/doc_1242.pdf
https://www.dtu.ac.in/Web/Jobs/2025/feb/file0226.pdf,downloaded_pdfs_meta/doc_733.pdf
https://www.dtu.ac.in/Web/Events/2023/nov/file1107.pdf,downloaded_pdfs_meta/doc_1243.pdf
https://www.dtu.ac.in/Web/Jobs/2025/feb/file0227.pdf,downloaded_pdfs_meta/doc_734.pdf
https://www.dtu.ac.in/Web/Events/2023/nov/file1105.pdf,downloaded_pdfs_meta/doc_1244.pdf
https://www.dtu.ac.in/Web/notice/2024/aug/file0831.pdf,downloaded_pdfs_meta/doc_378.pdf
https://www.dtu.ac.in/Web/Jobs/2025/feb/file0228.pdf,downloaded_pdfs_meta/doc_735.pdf
https://www.dtu.ac.in/Web/Events/2023/nov/file1104.pdf,downloaded_pdfs_meta/doc_1245.pdf
https://www.dtu.ac.in/Web/Jobs/2025/feb/file0229.pdf,downloaded_pdfs_meta/doc_736.pdf
https://www.dtu.ac.in/Web/notice/2024/sep/file0918.pdf,downloaded_pdfs_meta/doc_380.pdf
https://www.dtu.ac.in/Web/Jobs/2025/feb/file0218.pdf,downloaded_pdfs_meta/doc_737.pdf
https://www.dtu.ac.in/Web/Jobs/2025/feb/file0219.pdf,downloaded_pdfs_meta/doc_738.pdf
https://www.dtu.ac.in/Web/Jobs/2025/feb/file0220.pdf,downloaded_pdfs_meta/doc_739.pdf
https://www.dtu.ac.in/Web/Jobs/2025/feb/file0221.pdf,downloaded_pdfs_meta/doc_740.pdf
https://www.dtu.ac.in/Web/Jobs/2025/feb/file0222.pdf,downloaded_pdfs_meta/doc_741.pdf
https://www.dtu.ac.in/Web/Jobs/2025/feb/file0223.pdf,downloaded_pdfs_meta/doc_742.pdf
https://www.dtu.ac.in/Web/notice/2024/sep/file0903.pdf,downloaded_pdfs_meta/doc_386.pdf
https://www.dtu.ac.in/Web/Jobs/2025/feb/file0215.pdf,downloaded_pdfs_meta/doc_743.pdf
https://www.dtu.ac.in/Web/notice/2024/sep/file0902.pdf,downloaded_pdfs_meta/doc_387.pdf
https://www.dtu.ac.in/Web/Jobs/2025/feb/file0216.pdf,downloaded_pdfs_meta/doc_744.pdf
https://www.dtu.ac.in/Web/notice/2024/sep/file0901.pdf,downloaded_pdfs_meta/doc_388.pdf
https://www.dtu.ac.in/Web/Jobs/2025/feb/file0217.pdf,downloaded_pdfs_meta/doc_745.pdf
https://www.dtu.ac.in/Web/notice/2025/june/file0683.pdf,downloaded_pdfs_meta/doc_389.pdf
https://www.dtu.ac.in/Web/Jobs/2025/feb/file0209.pdf,downloaded_pdfs_meta/doc_746.pdf
https://www.dtu.ac.in/Web/notice/2025/june/file0682.pdf,downloaded_pdfs_meta/doc_390.pdf
https://www.dtu.ac.in/Web/Jobs/2025/feb/file0210.pdf,downloaded_pdfs_meta/doc_747.pdf
https://www.dtu.ac.in/Web/notice/2025/june/file0672.pdf,downloaded_pdfs_meta/doc_391.pdf
https://www.dtu.ac.in/Web/Jobs/2025/feb/file0211.pdf,downloaded_pdfs_meta/doc_748.pdf
https://www.dtu.ac.in/Web/notice/2025/june/file0668.pdf,downloaded_pdfs_meta/doc_392.pdf
https://www.dtu.ac.in/Web/Jobs/2025/feb/file0212.pdf,downloaded_pdfs_meta/doc_749.pdf
https://www.dtu.ac.in/Web/notice/2025/june/file0655.pdf,downloaded_pdfs_meta/doc_393.pdf
https://www.dtu.ac.in/Web/Jobs/2025/feb/file0213.pdf,downloaded_pdfs_meta/doc_750.pdf
https://www.dtu.ac.in/Web/notice/2025/june/file0641.pdf,downloaded_pdfs_meta/doc_394.pdf
https://www.dtu.ac.in/Web/Jobs/2025/feb/file0214.pdf,downloaded_pdfs_meta/doc_751.pdf
https://www.dtu.ac.in/Web/tender/2025/apr/file0409.pdf,downloaded_pdfs_meta/doc_914.pdf
https://www.dtu.ac.in/Web/Events/2023/may/file0505.pdf,downloaded_pdfs_meta/doc_1267.pdf
https://www.dtu.ac.in/Web/tender/2025/mar/file0306.pdf,downloaded_pdfs_meta/doc_930.pdf
https://www.dtu.ac.in/Web/tender/2025/feb/file0206.pdf,downloaded_pdfs_meta/doc_937.pdf
https://www.dtu.ac.in/Web/tender/2025/mar/file0301.pdf,downloaded_pdfs_meta/doc_935.pdf
https://www.dtu.ac.in/Web/tender/2025/apr/file0404.pdf,downloaded_pdfs_meta/doc_919.pdf
https://www.dtu.ac.in/Web/tender/2025/may/file0508.pdf,downloaded_pdfs_meta/doc_906.pdf
https://www.dtu.ac.in/Web/tender/2025/feb/file0203.pdf,downloaded_pdfs_meta/doc_940.pdf
https://www.dtu.ac.in/Web/tender/2025/jan/file0104.pdf,downloaded_pdfs_meta/doc_944.pdf
https://www.dtu.ac.in/Web/tender/2025/feb/file0202.pdf,downloaded_pdfs_meta/doc_941.pdf
https://www.dtu.ac.in/Web/Events/2023/june/file0603.pdf,downloaded_pdfs_meta/doc_1266.pdf
https://www.dtu.ac.in/Web/tender/2025/feb/file0201.pdf,downloaded_pdfs_meta/doc_942.pdf
https://www.dtu.ac.in/Web/tender/2025/mar/file0303.pdf,downloaded_pdfs_meta/doc_933.pdf
https://www.dtu.ac.in/Web/tender/2025/apr/file0312.pdf,downloaded_pdfs_meta/doc_924.pdf
https://www.dtu.ac.in/Web/tender/2025/may/file0505.pdf,downloaded_pdfs_meta/doc_909.pdf
https://www.dtu.ac.in/Web/tender/2025/apr/file0403.pdf,downloaded_pdfs_meta/doc_920.pdf
https://www.dtu.ac.in/Web/notice/careers360.pdf,downloaded_pdfs_meta/doc_1273.pdf
https://www.dtu.ac.in/Web/tender/2025/jan/file0102.pdf,downloaded_pdfs_meta/doc_946.pdf
https://www.dtu.ac.in/Web/ariia/ariia2021.pdf,downloaded_pdfs_meta/doc_1274.pdf
https://www.dtu.ac.in/Web/tender/2025/may/file0509.pdf,downloaded_pdfs_meta/doc_905.pdf
https://www.dtu.ac.in/Web/tender/2025/apr/file0407.pdf,downloaded_pdfs_meta/doc_916.pdf
https://www.dtu.ac.in/Web/tender/2025/apr/file0406.pdf,downloaded_pdfs_meta/doc_917.pdf
https://www.dtu.ac.in/Web/tender/2024/dec/file1210.pdf,downloaded_pdfs_meta/doc_951.pdf
https://www.dtu.ac.in/Web/tender/2025/jan/file0103.pdf,downloaded_pdfs_meta/doc_945.pdf
https://www.dtu.ac.in/Web/tender/2025/jan/file0101.pdf,downloaded_pdfs_meta/doc_947.pdf
https://www.dtu.ac.in/Web/tender/2024/dec/file1208.pdf,downloaded_pdfs_meta/doc_953.pdf
https://www.dtu.ac.in/Web/tender/2024/dec/file1213.pdf,downloaded_pdfs_meta/doc_948.pdf
https://www.dtu.ac.in/Web/Events/2023/june/file0607.pdf,downloaded_pdfs_meta/doc_1264.pdf
https://www.dtu.ac.in/Web/tender/2025/may/file0501.pdf,downloaded_pdfs_meta/doc_913.pdf
https://www.dtu.ac.in/Web/tender/2024/dec/file1211.pdf,downloaded_pdfs_meta/doc_950.pdf
https://www.dtu.ac.in/Web/Events/2023/april/file0401.pdf,downloaded_pdfs_meta/doc_1270.pdf
https://www.dtu.ac.in/Web/tender/2024/nov/file1114.pdf,downloaded_pdfs_meta/doc_963.pdf
https://www.dtu.ac.in/Web/tender/2024/dec/file1204.pdf,downloaded_pdfs_meta/doc_957.pdf
https://www.dtu.ac.in/Web/Events/2023/june/file0604.pdf,downloaded_pdfs_meta/doc_1265.pdf
https://www.dtu.ac.in/Web/tender/2024/dec/file1205.pdf,downloaded_pdfs_meta/doc_956.pdf
https://www.dtu.ac.in/Web/tender/2025/apr/file0310.pdf,downloaded_pdfs_meta/doc_926.pdf
https://www.dtu.ac.in/Web/tender/2024/nov/file1116.pdf,downloaded_pdfs_meta/doc_961.pdf
https://www.dtu.ac.in/Web/tender/2025/apr/file0408.pdf,downloaded_pdfs_meta/doc_915.pdf
https://www.dtu.ac.in/Web/tender/2024/nov/file1112.pdf,downloaded_pdfs_meta/doc_965.pdf
https://www.dtu.ac.in/Web/tender/2025/feb/file0204.pdf,downloaded_pdfs_meta/doc_939.pdf
https://www.dtu.ac.in/Web/Events/2023/mar/file0301.pdf,downloaded_pdfs_meta/doc_1271.pdf
https://www.dtu.ac.in/Web/tender/2024/dec/file1209.pdf,downloaded_pdfs_meta/doc_952.pdf
https://www.dtu.ac.in/Web/Events/2023/may/file0503.pdf,downloaded_pdfs_meta/doc_1268.pdf
https://www.dtu.ac.in/Web/tender/2025/may/file0503.pdf,downloaded_pdfs_meta/doc_911.pdf
https://www.dtu.ac.in/Web/tender/2024/dec/file1202.pdf,downloaded_pdfs_meta/doc_959.pdf
https://www.dtu.ac.in/Web/tender/2025/apr/file0308.pdf,downloaded_pdfs_meta/doc_928.pdf
https://www.dtu.ac.in/Web/tender/2024/nov/file1106.pdf,downloaded_pdfs_meta/doc_972.pdf
https://www.dtu.ac.in/Web/tender/2024/nov/file1109.pdf,downloaded_pdfs_meta/doc_969.pdf
https://www.dtu.ac.in/Web/tender/2024/nov/file1115.pdf,downloaded_pdfs_meta/doc_962.pdf
https://www.dtu.ac.in/Web/tender/2024/dec/file1206.pdf,downloaded_pdfs_meta/doc_955.pdf
https://www.dtu.ac.in/Web/tender/2024/nov/file1107.pdf,downloaded_pdfs_meta/doc_971.pdf
https://www.dtu.ac.in/Web/tender/2024/oct/file1001.pdf,downloaded_pdfs_meta/doc_983.pdf
https://www.dtu.ac.in/Web/ariia/ariia2021.pdf,downloaded_pdfs_meta/doc_1275.pdf
https://www.dtu.ac.in/Web/tender/2024/nov/file1103.pdf,downloaded_pdfs_meta/doc_975.pdf
https://www.dtu.ac.in/Web/tender/2024/nov/file1113.pdf,downloaded_pdfs_meta/doc_964.pdf
https://www.dtu.ac.in/Web/AICTE/EOAReport 2025_2026.pdf,downloaded_pdfs_meta/doc_1279.pdf
https://www.dtu.ac.in/Web/tender/2024/nov/file1104.pdf,downloaded_pdfs_meta/doc_974.pdf
https://www.dtu.ac.in/Web/tender/2024/nov/file1111.pdf,downloaded_pdfs_meta/doc_966.pdf
https://www.dtu.ac.in/Web/tender/2025/may/file0507.pdf,downloaded_pdfs_meta/doc_907.pdf
https://www.dtu.ac.in/Web/tender/2024/nov/file1110.pdf,downloaded_pdfs_meta/doc_967.pdf
https://www.dtu.ac.in/Web/tender/2025/feb/file0207.pdf,downloaded_pdfs_meta/doc_936.pdf
https://www.dtu.ac.in/Web/tender/2025/may/file0504.pdf,downloaded_pdfs_meta/doc_910.pdf
https://www.dtu.ac.in/Web/tender/2025/mar/file0302.pdf,downloaded_pdfs_meta/doc_934.pdf
https://www.dtu.ac.in/Web/tender/2025/mar/file0305.pdf,downloaded_pdfs_meta/doc_931.pdf
https://www.dtu.ac.in/Web/tender/2024/dec/file1203.pdf,downloaded_pdfs_meta/doc_958.pdf
https://www.dtu.ac.in/Web/tender/2024/nov/file1101.pdf,downloaded_pdfs_meta/doc_978.pdf
https://www.dtu.ac.in/Web/tender/2024/nov/file1102.pdf,downloaded_pdfs_meta/doc_976.pdf
https://www.dtu.ac.in/Web/tender/2024/nov/file1100.pdf,downloaded_pdfs_meta/doc_977.pdf
https://www.dtu.ac.in/Web/tender/2025/may/file0502.pdf,downloaded_pdfs_meta/doc_912.pdf
https://www.dtu.ac.in/Web/tender/2024/oct/file1005.pdf,downloaded_pdfs_meta/doc_979.pdf
https://www.dtu.ac.in/Web/tender/2024/june/file0608.pdf,downloaded_pdfs_meta/doc_1026.pdf
https://www.dtu.ac.in/Web/notice/careers360.pdf,downloaded_pdfs_meta/doc_1272.pdf
https://www.dtu.ac.in/Web/AICTE/EOAReport 2025_2026.pdf,downloaded_pdfs_meta/doc_1278.pdf
https://www.dtu.ac.in/Web/AICTE/Organizationalchart.pdf,downloaded_pdfs_meta/doc_1276.pdf
https://www.dtu.ac.in/Web/tender/2025/jan/file0105.pdf,downloaded_pdfs_meta/doc_943.pdf
https://www.dtu.ac.in/Web/tender/2024/june/file0603.pdf,downloaded_pdfs_meta/doc_1031.pdf
https://www.dtu.ac.in/Web/notice/2024/aug/file0849.pdf,downloaded_pdfs_meta/doc_533.pdf
https://www.dtu.ac.in/Web/tender/2024/june/file0601.pdf,downloaded_pdfs_meta/doc_1033.pdf
https://www.dtu.ac.in/Web/Jobs/2025/apr/file0420.pdf,downloaded_pdfs_meta/doc_126.pdf
https://www.dtu.ac.in/Web/tender/2025/apr/file0401.pdf,downloaded_pdfs_meta/doc_923.pdf
https://www.dtu.ac.in/Web/notice/2025/may/file0511.pdf,downloaded_pdfs_meta/doc_125.pdf
https://www.dtu.ac.in/Web/tender/2025/apr/file0311.pdf,downloaded_pdfs_meta/doc_925.pdf
https://www.dtu.ac.in/Web/tender/2024/may/file0502.pdf,downloaded_pdfs_meta/doc_1035.pdf
https://www.dtu.ac.in/Web/tender/2024/sep/file0910.pdf,downloaded_pdfs_meta/doc_986.pdf
https://www.dtu.ac.in/Web/tender/2024/june/file0607.pdf,downloaded_pdfs_meta/doc_1027.pdf
https://www.dtu.ac.in/Web/tender/2025/mar/file0307.pdf,downloaded_pdfs_meta/doc_929.pdf
https://www.dtu.ac.in/Web/tender/2024/may/file0501.pdf,downloaded_pdfs_meta/doc_1034.pdf
https://www.dtu.ac.in/Web/tender/2024/june/file0606.pdf,downloaded_pdfs_meta/doc_1028.pdf
https://www.dtu.ac.in/Web/notice/2025/may/file0515.pdf,downloaded_pdfs_meta/doc_129.pdf
https://www.dtu.ac.in/Web/tender/2024/mar/file0317.pdf,downloaded_pdfs_meta/doc_1042.pdf
https://www.dtu.ac.in/Web/notice/2025/may/file0502.pdf,downloaded_pdfs_meta/doc_132.pdf
https://www.dtu.ac.in/Web/tender/2024/oct/file1003.pdf,downloaded_pdfs_meta/doc_980.pdf
https://www.dtu.ac.in/Web/tender/2024/mar/file0313.pdf,downloaded_pdfs_meta/doc_1046.pdf
https://www.dtu.ac.in/Web/tender/2025/apr/file0402.pdf,downloaded_pdfs_meta/doc_922.pdf
